/*******************************************************************************
 * Size: 36 px
 * Bpp: 4
 * Opts: --size 36 --bpp 4 --format lvgl --lv-include lvgl.h --font tools/.Montserrat-Medium.ttf -r 0x20-0x7E -r 0xA0-0xFF --lv-font-name attractap_font_montserrat_latin1_36 --output src/display/fonts/attractap_font_montserrat_latin1_36.c
 ******************************************************************************/

#ifdef LV_LVGL_H_INCLUDE_SIMPLE
#include "lvgl.h"
#else
#include "lvgl.h"
#endif

#ifndef ATTRACTAP_FONT_MONTSERRAT_LATIN1_36
#define ATTRACTAP_FONT_MONTSERRAT_LATIN1_36 1
#endif

#if ATTRACTAP_FONT_MONTSERRAT_LATIN1_36

/*-----------------
 *    BITMAPS
 *----------------*/

/*Store the image of the glyphs*/
static LV_ATTRIBUTE_LARGE_CONST const uint8_t glyph_bitmap[] = {
    /* U+0020 " " */

    /* U+0021 "!" */
    0x2f, 0xfb, 0x40, 0x3e, 0x30, 0x8, 0x40, 0x40,
    0x27, 0x0, 0xff, 0x84, 0x3, 0x8c, 0x0, 0x20,
    0x1c, 0x60, 0x1, 0x0, 0xef, 0x0, 0x8, 0x7,
    0xe1, 0x0, 0x38, 0x0, 0xc0, 0x2, 0x1, 0xf8,
    0x40, 0x6, 0x0, 0x70, 0xf, 0xd3, 0xfe, 0x30,
    0xf, 0xfe, 0x11, 0x3b, 0x0, 0xb, 0x62, 0x70,
    0x14, 0x2, 0x31, 0x20, 0xc, 0x2a, 0xe2, 0x56,
    0x0,

    /* U+0022 "\"" */
    0xbf, 0xf2, 0x0, 0xf, 0xfd, 0x80, 0x1f, 0xe1,
    0x0, 0x38, 0x0, 0x40, 0xe, 0x1, 0xff, 0xc1,
    0x10, 0x1, 0x80, 0x46, 0x1, 0xf8, 0x40, 0x3f,
    0xf8, 0x26, 0x0, 0x10, 0x1, 0x88, 0x7, 0xf6,
    0x33, 0x4, 0x2, 0x66, 0x60,

    /* U+0023 "#" */
    0x0, 0xfd, 0x9f, 0x80, 0x1e, 0x7f, 0xf0, 0x80,
    0x7f, 0xf0, 0x8, 0x18, 0x3, 0xdc, 0x0, 0x10,
    0xf, 0xfe, 0x0, 0x81, 0x0, 0x78, 0x80, 0x80,
    0x3f, 0xf8, 0x6, 0x0, 0xe0, 0xf, 0x30, 0x30,
    0x7, 0xff, 0x1, 0x80, 0xa, 0x1, 0xe2, 0x2,
    0x0, 0xff, 0xe0, 0x10, 0x0, 0x80, 0x38, 0x40,
    0x1c, 0x1, 0xf7, 0x7f, 0xe8, 0x0, 0x77, 0xff,
    0x70, 0x2, 0x3f, 0xf2, 0x80, 0x7f, 0xf3, 0xd9,
    0xb8, 0x0, 0x2c, 0xde, 0x20, 0x3, 0x37, 0x80,
    0x11, 0x33, 0x80, 0xf, 0x33, 0xe4, 0x0, 0x4c,
    0xf1, 0x80, 0x78, 0x40, 0x1c, 0x1, 0xe2, 0x2,
    0x0, 0xff, 0xe0, 0x10, 0x0, 0x80, 0x3c, 0xc0,
    0xc0, 0x1f, 0xfc, 0x6, 0x0, 0x30, 0x7, 0x88,
    0x8, 0x3, 0xff, 0x80, 0x60, 0x2, 0x0, 0xe1,
    0x0, 0x70, 0x7, 0xff, 0x3, 0x80, 0x2, 0x1,
    0xc4, 0x0, 0x20, 0xf, 0xfe, 0x1, 0x1, 0x0,
    0x79, 0x80, 0xc, 0x1, 0xf7, 0xff, 0x28, 0x17,
    0xff, 0xa8, 0x1, 0x9f, 0xf8, 0xc0, 0x3f, 0xf9,
    0xec, 0xd9, 0x40, 0x6, 0xcd, 0xe1, 0x1, 0x66,
    0xe2, 0x0, 0x4c, 0xe8, 0x0, 0x54, 0xcf, 0x8c,
    0x16, 0x67, 0x84, 0x3, 0xcc, 0x0, 0x20, 0xf,
    0x10, 0x10, 0x7, 0xff, 0x0, 0x80, 0xc, 0x1,
    0xfb, 0x80, 0x3f, 0xf8, 0x1c, 0x0, 0x20, 0xe,
    0x20, 0x1, 0x0, 0x7f, 0xf0, 0x8, 0x4, 0x3,
    0xcc, 0x0, 0x60, 0xf, 0xfe, 0x3, 0x1, 0x0,
    0x78, 0x80, 0x4, 0x1, 0xf0,

    /* U+0024 "$" */
    0x0, 0xfe, 0x68, 0x40, 0xf, 0xfe, 0x2d, 0x3e,
    0x0, 0x7f, 0xff, 0x4a, 0x33, 0x8c, 0x1f, 0xb6,
    0x98, 0x40, 0x3c, 0x37, 0xae, 0x62, 0x1, 0x9,
    0x2c, 0xf5, 0x8, 0x4, 0x5e, 0x80, 0x1f, 0xfc,
    0x5, 0xb0, 0xb, 0xc4, 0x0, 0x73, 0xa6, 0xd,
    0xb6, 0xe4, 0x0, 0xe0, 0x3, 0x10, 0x1, 0xb1,
    0x88, 0x0, 0x24, 0x91, 0xb6, 0xa8, 0x0, 0xd0,
    0x0, 0xc8, 0x7, 0xf9, 0x28, 0x2, 0x60, 0x2,
    0x0, 0x7f, 0xf1, 0xc4, 0x3, 0xff, 0x88, 0xc0,
    0x4, 0x20, 0xf, 0xfe, 0x1e, 0x80, 0x58, 0xc0,
    0x1f, 0xfc, 0x26, 0x30, 0x0, 0xcf, 0x51, 0x0,
    0x7f, 0xf0, 0x31, 0x0, 0x21, 0x51, 0x6, 0x95,
    0x0, 0xfe, 0xba, 0x30, 0xe, 0x16, 0xaf, 0xa2,
    0x0, 0xf9, 0x73, 0x61, 0x0, 0x3c, 0xbb, 0x0,
    0x1f, 0x89, 0xec, 0xc0, 0xcc, 0x1, 0x9e, 0x80,
    0x3f, 0xf8, 0x9, 0x9a, 0xc0, 0x12, 0xa8, 0x3,
    0xff, 0x82, 0x53, 0x40, 0x17, 0x80, 0x7f, 0xf0,
    0xd4, 0xc0, 0xe, 0x1, 0xff, 0xc4, 0x60, 0xc,
    0x86, 0x1, 0xff, 0xc1, 0x40, 0x3, 0x4, 0x64,
    0x88, 0x7, 0xfa, 0x44, 0x1, 0xa8, 0x60, 0xdd,
    0x4c, 0x42, 0x1, 0xa, 0xe3, 0x0, 0x9, 0x95,
    0x0, 0x25, 0x9d, 0xe3, 0x7, 0xea, 0x30, 0x0,
    0xf8, 0xd, 0xd1, 0x0, 0x7f, 0xf0, 0x17, 0xc8,
    0x2, 0x5d, 0xc8, 0x42, 0x0, 0xc2, 0x6f, 0xb4,
    0x20, 0x1e, 0x37, 0xbd, 0xf3, 0x7, 0xec, 0x82,
    0x0, 0xff, 0xfa, 0x0,

    /* U+0025 "%" */
    0x0, 0x96, 0xfb, 0xf6, 0x4, 0x3, 0xfc, 0x3d,
    0xf8, 0x1, 0xf5, 0x51, 0x4, 0x9, 0xfc, 0x80,
    0x3f, 0xac, 0x43, 0x80, 0x3d, 0xa, 0x11, 0xdf,
    0x64, 0x3e, 0x1, 0xf9, 0x54, 0x12, 0x40, 0x1c,
    0x2e, 0xe, 0xe1, 0x4, 0xc0, 0x27, 0x0, 0xf0,
    0xd8, 0x23, 0x0, 0x79, 0xc0, 0x10, 0x1, 0x85,
    0x82, 0xc0, 0x3d, 0x42, 0x14, 0x1, 0xf7, 0x81,
    0x80, 0x7b, 0xc0, 0xc0, 0x39, 0x90, 0x28, 0x40,
    0x3e, 0x30, 0x70, 0xf, 0x10, 0x7, 0x8a, 0x41,
    0x54, 0x1, 0xf8, 0xc1, 0xc0, 0x3c, 0x40, 0x1e,
    0xe0, 0x1b, 0x0, 0xfe, 0xf0, 0x30, 0xf, 0x78,
    0x18, 0x4, 0xe6, 0x14, 0x20, 0x1f, 0xce, 0x0,
    0x70, 0xc, 0x2c, 0x16, 0x0, 0x28, 0x6, 0x40,
    0xf, 0xf0, 0xb0, 0x43, 0x88, 0x26, 0x0, 0xb8,
    0x3, 0x80, 0x64, 0x3, 0xff, 0x81, 0x28, 0x11,
    0xdf, 0x64, 0x3a, 0x0, 0x83, 0xa, 0x0, 0x2e,
    0x77, 0xeb, 0x80, 0x7a, 0xe4, 0xc0, 0x2, 0xde,
    0x60, 0x6e, 0xe, 0x81, 0x54, 0x31, 0x2, 0x8d,
    0x10, 0xe, 0x6c, 0xff, 0x74, 0x88, 0x3, 0x80,
    0xa0, 0x1d, 0x41, 0xfb, 0x94, 0x25, 0xa0, 0x1f,
    0xfc, 0x19, 0x20, 0xe0, 0x4, 0x4, 0x40, 0x44,
    0xb4, 0x6, 0xa0, 0x1f, 0xf2, 0x30, 0x41, 0x82,
    0x80, 0x1c, 0x3, 0x21, 0x87, 0x80, 0x7f, 0x86,
    0x80, 0xdc, 0x1, 0x80, 0x60, 0x1e, 0x40, 0x40,
    0xf, 0xf5, 0x88, 0x70, 0x4, 0x60, 0xc0, 0x1e,
    0xe0, 0x10, 0xf, 0xe5, 0x50, 0x49, 0x0, 0x7f,
    0xf0, 0xc, 0x3, 0xfc, 0x36, 0x8, 0xc0, 0x18,
    0xc0, 0x40, 0x3c, 0x40, 0x20, 0x1f, 0xa8, 0x45,
    0x40, 0x1d, 0x80, 0xa0, 0x1e, 0xc0, 0x40, 0xf,
    0x99, 0x2, 0xc4, 0x3, 0x94, 0x5, 0x40, 0x31,
    0x20, 0x78, 0x7, 0x8a, 0x41, 0x54, 0x1, 0xf4,
    0x5, 0x20, 0x0, 0xbc, 0xd, 0x40, 0x3d, 0xc0,
    0x36, 0x1, 0xf9, 0xd4, 0x2f, 0xb7, 0x44, 0x4d,
    0x0, 0xf3, 0x98, 0x50, 0x80, 0x7f, 0x55, 0xc,
    0x48, 0x91, 0xa2, 0x0,

    /* U+0026 "&" */
    0x0, 0xf0, 0xc6, 0x77, 0xf6, 0x38, 0x80, 0x7f,
    0xf0, 0x9b, 0x9c, 0xc4, 0x4, 0xe3, 0xd0, 0x3,
    0xff, 0x80, 0xb2, 0x0, 0x15, 0x76, 0x10, 0x1b,
    0x10, 0xf, 0xfa, 0xc0, 0x9, 0xd5, 0x13, 0xc6,
    0x0, 0x90, 0xf, 0xf1, 0x8, 0x2, 0x40, 0x3a,
    0x0, 0x6, 0x1, 0xfe, 0x60, 0x8, 0x80, 0x39,
    0xc0, 0x3f, 0xf8, 0x2c, 0x1, 0x10, 0x7, 0x58,
    0x0, 0x80, 0x3f, 0xc4, 0x40, 0x5, 0x80, 0x65,
    0x70, 0x5, 0x80, 0x7f, 0xd6, 0x0, 0x66, 0x0,
    0x26, 0x80, 0x10, 0x40, 0x1f, 0xf3, 0x20, 0x2,
    0x63, 0x98, 0x1, 0x2e, 0x1, 0xff, 0xc1, 0xb3,
    0x0, 0x38, 0x81, 0x63, 0x0, 0x7f, 0xf0, 0x88,
    0x3, 0x93, 0x4c, 0x3, 0xff, 0x85, 0x1a, 0x60,
    0x19, 0x1c, 0x3, 0xff, 0x85, 0x6e, 0x0, 0x6d,
    0x40, 0x4, 0x38, 0x7, 0x5c, 0x18, 0x6, 0xc4,
    0x1, 0xb9, 0x2b, 0x40, 0x4, 0x40, 0x2, 0x24,
    0x7f, 0x0, 0xa0, 0xc0, 0x18, 0x80, 0x15, 0xa0,
    0x1, 0xe0, 0x0, 0xa0, 0x4, 0x0, 0x9c, 0x1,
    0x24, 0x1, 0xd6, 0xa0, 0x7, 0x90, 0x90, 0x5,
    0x80, 0x10, 0x2, 0x70, 0xf, 0xa9, 0x40, 0xd,
    0x82, 0x6, 0x60, 0x0, 0x80, 0x42, 0x1, 0xfa,
    0x98, 0x0, 0x60, 0x8, 0x0, 0x84, 0x2, 0x40,
    0xf, 0xe9, 0x60, 0x8, 0x50, 0x2, 0x50, 0xa,
    0x44, 0x3, 0xf1, 0x20, 0x4, 0x36, 0x1, 0xb,
    0x80, 0xb, 0xd8, 0x40, 0x32, 0x56, 0x90, 0x6,
    0x4b, 0x0, 0xa1, 0x40, 0x3, 0x3d, 0xcd, 0xef,
    0xb5, 0x0, 0x16, 0xc0, 0x1, 0x30, 0x2, 0xa8,
    0x10, 0x8, 0x48, 0x40, 0x21, 0x8d, 0x27, 0x90,
    0x2, 0x80, 0x67, 0xea, 0x52, 0x10, 0x12, 0x5a,
    0xe7, 0x0, 0x9a, 0x52, 0x40, 0x3c, 0xb5, 0xbd,
    0xfd, 0xb4, 0xa0, 0x1e, 0x6b, 0x0, 0x0,

    /* U+0027 "'" */
    0xbf, 0xf2, 0x0, 0x61, 0x0, 0x38, 0x7, 0xc2,
    0x60, 0x1f, 0xe3, 0x10, 0xb, 0x19, 0x82,

    /* U+0028 "(" */
    0x0, 0xd3, 0xfe, 0xb0, 0x8, 0x98, 0x1, 0x20,
    0x14, 0x0, 0x14, 0x80, 0x4, 0xa0, 0x9, 0x0,
    0xa8, 0x0, 0x46, 0x1, 0x30, 0x2, 0x80, 0x23,
    0x10, 0x2, 0x80, 0x48, 0x0, 0x12, 0x0, 0xb0,
    0x0, 0x80, 0x19, 0x40, 0x1a, 0x1, 0x8, 0x80,
    0x6, 0x1, 0x28, 0x4, 0xc0, 0x10, 0x80, 0x44,
    0x1, 0x10, 0x7, 0xde, 0x0, 0x10, 0xf, 0x8c,
    0x3, 0x8, 0x0, 0x40, 0x30, 0x80, 0x4, 0x3,
    0xe3, 0x0, 0xde, 0x0, 0x10, 0xc, 0x40, 0x1f,
    0x8, 0x4, 0x40, 0x12, 0x80, 0x4c, 0x1, 0x8,
    0x80, 0x6, 0x1, 0x94, 0x1, 0xa0, 0x1b, 0x0,
    0xe, 0x1, 0x94, 0x0, 0x44, 0x0, 0x88, 0xc0,
    0xa, 0x1, 0xac, 0x1, 0x40, 0x19, 0x80, 0x4,
    0x60, 0x10, 0xb0, 0x2, 0x40, 0x34, 0x0, 0x14,
    0x80, 0x21, 0x70, 0x4, 0x80,

    /* U+0029 ")" */
    0x9f, 0xf5, 0x80, 0x68, 0x0, 0x22, 0x0, 0x21,
    0x70, 0x4, 0x0, 0x69, 0x0, 0x1a, 0x0, 0x42,
    0x80, 0xe, 0x0, 0xdc, 0x0, 0x51, 0x0, 0x94,
    0x2, 0x40, 0xc, 0x60, 0xf, 0x0, 0xc8, 0x0,
    0x70, 0xd, 0x80, 0x2, 0x10, 0x9, 0x40, 0x25,
    0x0, 0x84, 0x2, 0x20, 0xc, 0x40, 0xe, 0x0,
    0xc2, 0x0, 0x10, 0xc, 0xe0, 0x2, 0x0, 0xc2,
    0x1, 0xff, 0xcb, 0x10, 0xf, 0x9c, 0x0, 0x40,
    0x18, 0x40, 0x2, 0x1, 0x88, 0x1, 0xc0, 0x10,
    0x80, 0x44, 0x1, 0x28, 0x4, 0xa0, 0x16, 0x0,
    0x8, 0x40, 0x23, 0x0, 0x38, 0x6, 0x40, 0x7,
    0x0, 0x4a, 0x0, 0x14, 0x0, 0xb8, 0x0, 0xe0,
    0x10, 0xa0, 0x3, 0x40, 0x29, 0x0, 0x1a, 0x0,
    0x5, 0xc0, 0x1e, 0x1, 0x40, 0x1, 0xc, 0x2,

    /* U+002A "*" */
    0x0, 0xf7, 0x7a, 0x0, 0x7f, 0xc6, 0x1, 0xf9,
    0x10, 0x1, 0xf8, 0x5c, 0x1, 0x37, 0x62, 0x0,
    0xe8, 0xe8, 0x41, 0x60, 0x4d, 0x93, 0xd, 0xe7,
    0x1, 0x1, 0xbb, 0x18, 0x30, 0x83, 0x8, 0x47,
    0x20, 0x1, 0x32, 0x0, 0x31, 0x73, 0x80, 0x61,
    0x98, 0x0, 0xc5, 0xa6, 0x1, 0x3f, 0x30, 0x18,
    0x82, 0x1, 0xe5, 0x90, 0xc0, 0xc, 0xe1, 0x87,
    0xea, 0x2, 0x20, 0x65, 0xf9, 0x80, 0x31, 0x5d,
    0x91, 0x81, 0xa0, 0x3, 0xf2, 0x58, 0x7, 0xff,
    0x27, 0xad, 0x40, 0x38,

    /* U+002B "+" */
    0x0, 0xfa, 0x22, 0x0, 0xff, 0xe1, 0x3b, 0xc0,
    0x1f, 0xff, 0xf0, 0xf, 0xfe, 0x2c, 0xff, 0xf8,
    0x2, 0xff, 0xf4, 0x0, 0x7f, 0xf1, 0x78, 0x8b,
    0xc0, 0x11, 0x17, 0xbd, 0xf7, 0x7c, 0x1, 0x6e,
    0xf9, 0xc0, 0x3f, 0xff, 0xe0, 0x1f, 0xe0,

    /* U+002C "," */
    0x4, 0xcd, 0x60, 0x1b, 0x32, 0x93, 0x20, 0xc,
    0x84, 0x1, 0x88, 0x70, 0x40, 0x8, 0x6, 0x20,
    0x82, 0x6, 0x0, 0xd0, 0x2, 0x0, 0x18, 0x1,
    0x80, 0x80, 0x12, 0x7, 0x0, 0x0,

    /* U+002D "-" */
    0xef, 0xff, 0xd6, 0x20, 0x1f, 0xfc, 0x70,

    /* U+002E "." */
    0x3, 0xcc, 0x28, 0xe, 0x19, 0xa8, 0xd4, 0x3,
    0x23, 0x0, 0x63, 0x2a, 0x11, 0x42, 0x0,

    /* U+002F "/" */
    0x0, 0xff, 0xe0, 0xc, 0x41, 0xc0, 0x3f, 0xf8,
    0xc, 0xee, 0xd0, 0xf, 0xfe, 0x5, 0x0, 0x38,
    0x3, 0xfe, 0x32, 0x1, 0x40, 0xf, 0xfa, 0xc0,
    0xe, 0x1, 0xff, 0xc0, 0x60, 0x5, 0x0, 0x7f,
    0xc8, 0x20, 0x46, 0x1, 0xff, 0x68, 0x1, 0x40,
    0x3f, 0xf8, 0xe, 0x0, 0xa0, 0xf, 0xf9, 0x44,
    0xc, 0x80, 0x3f, 0xef, 0x0, 0x58, 0x7, 0xff,
    0x1, 0x40, 0xc, 0x1, 0xff, 0x30, 0x1, 0x4,
    0x3, 0xfe, 0xd0, 0x6, 0x80, 0x7f, 0xc2, 0x80,
    0x7, 0x0, 0xff, 0x98, 0x0, 0xa2, 0x1, 0xff,
    0x58, 0x3, 0xc0, 0x3f, 0xe2, 0x30, 0x2, 0x80,
    0x7f, 0xd4, 0x0, 0x60, 0xf, 0xfe, 0x2, 0x80,
    0x34, 0x3, 0xfe, 0x32, 0x1, 0x40, 0xf, 0xfa,
    0x80, 0xc, 0x1, 0xff, 0xc0, 0x70, 0x5, 0x80,
    0x7f, 0xc8, 0x20, 0x46, 0x1, 0xff, 0x70, 0x2,
    0x80, 0x3f, 0xf8, 0xa, 0x0, 0x50, 0xf, 0xf9,
    0x40, 0x6, 0x40, 0x1f, 0xf7, 0x0, 0x28, 0x3,
    0xfe, 0x14, 0x0, 0x38, 0x7, 0xfc, 0xe0, 0x4,
    0x10, 0xf, 0xfa, 0x80, 0x1c, 0x1, 0xff, 0x11,
    0x80, 0x14, 0x3, 0xfe, 0x50, 0x2, 0x80, 0x7f,
    0xf0, 0x28, 0x1, 0xc0, 0x1f, 0xf0,

    /* U+0030 "0" */
    0x0, 0xf9, 0xab, 0xbf, 0xdd, 0x6c, 0x1, 0xff,
    0xc0, 0x5e, 0x95, 0x10, 0x0, 0xa4, 0xf2, 0x80,
    0x7f, 0x45, 0x8, 0x7, 0xe1, 0xa8, 0x0, 0xf9,
    0xdc, 0x1, 0x25, 0x66, 0x29, 0x40, 0x27, 0x80,
    0xe, 0x38, 0x0, 0xae, 0xca, 0x66, 0x5a, 0xb0,
    0x9, 0xcc, 0x3, 0x78, 0x5, 0x88, 0x1, 0xe4,
    0xc0, 0xb, 0xc0, 0x23, 0x30, 0x1, 0x8c, 0x3,
    0xf1, 0xb0, 0x0, 0xcc, 0x0, 0xa0, 0xa, 0xc0,
    0x3f, 0xd6, 0x1, 0x50, 0x1, 0x0, 0x6, 0x40,
    0x1f, 0xe2, 0x30, 0x2, 0x0, 0x8, 0x0, 0xa0,
    0x1f, 0xfc, 0x5, 0x0, 0x10, 0x10, 0x5, 0xc0,
    0x1f, 0xfc, 0xf, 0x0, 0x88, 0x40, 0x21, 0x0,
    0xff, 0xe0, 0x18, 0x4, 0x2e, 0x1, 0x18, 0x7,
    0xff, 0x11, 0xdc, 0x1, 0x18, 0x7, 0xff, 0x11,
    0xc4, 0x2, 0x10, 0xf, 0xfe, 0x1, 0x80, 0x42,
    0x40, 0x17, 0x0, 0x7f, 0xf0, 0x3c, 0x2, 0x20,
    0x20, 0x2, 0x80, 0x7f, 0xf0, 0x14, 0x0, 0x40,
    0x4, 0x0, 0x19, 0x0, 0x7f, 0x88, 0xc0, 0x8,
    0x0, 0xa0, 0xa, 0xc0, 0x3f, 0xd6, 0x1, 0x50,
    0x0, 0xcc, 0x0, 0x63, 0x0, 0xfc, 0x6c, 0x0,
    0x33, 0x0, 0x5e, 0x1, 0x6a, 0x0, 0x79, 0x34,
    0x2, 0xf0, 0xc, 0x70, 0x0, 0x1b, 0xa5, 0x33,
    0x2d, 0x58, 0x80, 0x1c, 0xc0, 0x39, 0xdc, 0x1,
    0x2d, 0x66, 0x29, 0x40, 0x26, 0x80, 0xf, 0xa2,
    0x84, 0x3, 0xf0, 0xd4, 0x80, 0x7f, 0x2f, 0x4a,
    0x8, 0x0, 0x52, 0x79, 0x40, 0x38,

    /* U+0031 "1" */
    0xbf, 0xff, 0xd0, 0x1, 0xff, 0xc8, 0xae, 0xee,
    0x0, 0xc2, 0x3e, 0x0, 0xff, 0xff, 0x80, 0x7f,
    0xff, 0xc0, 0x3f, 0xfd, 0x40,

    /* U+0032 "2" */
    0x0, 0xe5, 0xac, 0xef, 0xf7, 0x5b, 0x88, 0x7,
    0xe8, 0xfa, 0x53, 0x10, 0x0, 0xa4, 0x73, 0x80,
    0x71, 0xf3, 0x80, 0x7f, 0xd1, 0x40, 0x11, 0xe0,
    0x80, 0x5, 0xab, 0x37, 0x25, 0x0, 0x25, 0x60,
    0x1, 0xb0, 0x1, 0xfa, 0x54, 0xc8, 0xda, 0xe4,
    0x2, 0x80, 0xa, 0x62, 0xa0, 0x3, 0xf3, 0x28,
    0x0, 0x4c, 0x2, 0x75, 0x0, 0xff, 0x78, 0x4,
    0xc0, 0x1f, 0xfc, 0x31, 0x0, 0x84, 0x3, 0xff,
    0x86, 0x40, 0x13, 0x0, 0x7f, 0xf0, 0xe8, 0x0,
    0x24, 0x1, 0xff, 0xc2, 0x43, 0x0, 0x30, 0x7,
    0xff, 0x8, 0xa8, 0x0, 0x30, 0x1, 0xff, 0xc1,
    0x2c, 0x10, 0x5, 0x0, 0x7f, 0xf0, 0x4b, 0x4,
    0x1, 0x48, 0x1, 0xff, 0xc0, 0x3c, 0x10, 0x5,
    0x28, 0x7, 0xff, 0x0, 0xf0, 0x40, 0x14, 0xa0,
    0x1f, 0xfc, 0x4, 0xc0, 0xa, 0xd4, 0x3, 0xff,
    0x80, 0xb6, 0x1, 0x62, 0x0, 0x7f, 0xf0, 0x16,
    0x80, 0x3, 0x86, 0x1, 0xff, 0xc0, 0x6a, 0x0,
    0xe, 0x18, 0x7, 0xff, 0x1, 0xe4, 0x0, 0x58,
    0x40, 0x1f, 0xfc, 0x8, 0x80, 0x0, 0x78, 0xc4,
    0x7f, 0xc0, 0x7, 0x70, 0x4, 0x39, 0xdd, 0xff,
    0x38, 0x68, 0x7, 0xff, 0x68,

    /* U+0033 "3" */
    0xa, 0xff, 0xff, 0xe2, 0x0, 0x7f, 0xf6, 0x48,
    0x1, 0x7d, 0xdf, 0xed, 0x20, 0x0, 0xf8, 0x0,
    0x47, 0xfe, 0x92, 0x0, 0x51, 0x0, 0x7f, 0xf0,
    0x21, 0x0, 0x12, 0x80, 0x1f, 0xfc, 0x5, 0x70,
    0x3, 0x30, 0x3, 0xff, 0x80, 0x74, 0x0, 0x49,
    0x0, 0xff, 0xe0, 0xe, 0x80, 0xa, 0x80, 0x3f,
    0xf8, 0x38, 0x20, 0xf, 0x10, 0xf, 0xfe, 0x5,
    0x10, 0x0, 0xd0, 0xc0, 0x3f, 0xf8, 0x8, 0x1,
    0x1c, 0xe7, 0x30, 0x7, 0xff, 0x14, 0x66, 0xc0,
    0x3f, 0xb3, 0x73, 0x12, 0xa0, 0x12, 0x58, 0x7,
    0xe2, 0x21, 0x99, 0xab, 0x48, 0x0, 0x8a, 0x1,
    0xff, 0xc1, 0x2f, 0x0, 0xbc, 0x3, 0xff, 0x84,
    0x46, 0x0, 0x40, 0xf, 0xfe, 0x1b, 0x0, 0x4,
    0x3, 0xff, 0x86, 0xc0, 0x1, 0x4, 0x50, 0xf,
    0xf8, 0x8c, 0x0, 0x81, 0x55, 0x10, 0x7, 0xe2,
    0xf0, 0xb, 0xa0, 0x41, 0x77, 0x21, 0x4c, 0x8d,
    0x6b, 0x48, 0x0, 0x88, 0xb2, 0x0, 0x8d, 0xeb,
    0x37, 0x29, 0x40, 0x23, 0xa0, 0x3d, 0x81, 0x0,
    0xff, 0x9f, 0x4, 0x2, 0x7e, 0xb7, 0x42, 0x10,
    0x12, 0x5a, 0xe8, 0x0, 0x80,

    /* U+0034 "4" */
    0x0, 0xff, 0xe0, 0x17, 0xfd, 0x60, 0x1f, 0xfc,
    0x6f, 0x0, 0xd, 0x0, 0x7f, 0xf1, 0x6c, 0x80,
    0x1a, 0x20, 0x1f, 0xfc, 0x47, 0x40, 0x4, 0x98,
    0x7, 0xff, 0x11, 0x20, 0x0, 0xac, 0x1, 0xff,
    0xc4, 0x1a, 0x0, 0x15, 0x0, 0x7f, 0xf1, 0x74,
    0x40, 0x1e, 0x1, 0xff, 0xc5, 0x93, 0x0, 0x51,
    0x0, 0x7f, 0xf1, 0x19, 0x80, 0x6, 0x50, 0xf,
    0xfe, 0x21, 0xc8, 0x0, 0xe4, 0x3, 0xff, 0x88,
    0x3c, 0x0, 0x1d, 0x0, 0xc9, 0x10, 0x70, 0xf,
    0xea, 0x20, 0x5, 0x8, 0x6, 0xc7, 0x75, 0x0,
    0x7e, 0x74, 0x0, 0x42, 0x0, 0x7f, 0xf1, 0x12,
    0x0, 0x8, 0xe0, 0x1f, 0xfc, 0x42, 0xa0, 0x1,
    0x58, 0x7, 0xff, 0x17, 0x84, 0x1, 0xc0, 0x1f,
    0xfc, 0x58, 0x30, 0xb, 0x3f, 0xff, 0x38, 0x0,
    0xbf, 0xf5, 0x10, 0x7, 0xff, 0x86, 0xbf, 0xff,
    0xf8, 0x2a, 0x0, 0x2f, 0xfd, 0x40, 0x1f, 0xff,
    0xf0, 0xf, 0xfe, 0xe0,

    /* U+0035 "5" */
    0x0, 0x93, 0xff, 0xff, 0x84, 0x1, 0xc4, 0x1,
    0xff, 0xc7, 0x10, 0xf, 0xfe, 0x3f, 0x0, 0xf,
    0xbb, 0xfe, 0x0, 0xe3, 0x0, 0x30, 0x8f, 0xfc,
    0x1, 0xcc, 0x0, 0x20, 0xf, 0xfe, 0x21, 0x0,
    0x3c, 0x3, 0xff, 0x88, 0x20, 0x2, 0x0, 0xff,
    0xe1, 0x88, 0x4, 0x20, 0x1f, 0xfc, 0x32, 0x0,
    0x9c, 0x46, 0x0, 0xff, 0xe0, 0x38, 0x5, 0x9d,
    0xd7, 0xfb, 0x25, 0x0, 0x3e, 0x20, 0xf, 0xe3,
    0x6b, 0xe4, 0x0, 0xe1, 0x0, 0xff, 0xe0, 0xd,
    0xb8, 0x6, 0x7f, 0xff, 0xb6, 0xe0, 0x80, 0x28,
    0x40, 0xf, 0xf8, 0x91, 0xf5, 0xc0, 0x29, 0x0,
    0xff, 0xe1, 0xc2, 0x0, 0x8, 0x80, 0x1f, 0xfc,
    0x3e, 0x0, 0x9c, 0x3, 0xff, 0x86, 0xc0, 0x11,
    0x80, 0x7f, 0xf0, 0xd8, 0x2, 0x20, 0x4, 0x0,
    0x7f, 0xf0, 0x38, 0x2, 0x50, 0x87, 0xd5, 0x0,
    0xfe, 0x94, 0x0, 0x20, 0x93, 0x81, 0x57, 0x53,
    0x21, 0x1a, 0x47, 0x30, 0x5, 0x0, 0x4c, 0x1,
    0xa, 0xcd, 0xee, 0x5b, 0x88, 0x5, 0x46, 0x0,
    0x9c, 0x40, 0xf, 0xf8, 0xf1, 0x40, 0x31, 0xdf,
    0x4a, 0x90, 0x80, 0x8, 0xdf, 0x30, 0x60, 0x10,

    /* U+0036 "6" */
    0x0, 0xf8, 0x5a, 0xb7, 0xfe, 0xeb, 0x82, 0x0,
    0xfe, 0x8e, 0x95, 0x20, 0x8, 0x51, 0xf6, 0x40,
    0x3c, 0x5c, 0xe0, 0x1f, 0xf7, 0x80, 0x71, 0x68,
    0x80, 0x4d, 0x7b, 0xdc, 0xc9, 0x41, 0x60, 0xe,
    0xf0, 0x9, 0x7a, 0x50, 0x84, 0x46, 0xd7, 0xc0,
    0x1d, 0x4, 0x0, 0x7a, 0x10, 0xf, 0xfe, 0x8,
    0xb8, 0x0, 0xe0, 0x3, 0xff, 0x86, 0xc0, 0x14,
    0x0, 0x7f, 0xf1, 0x30, 0x0, 0x48, 0x1, 0xff,
    0xc4, 0x40, 0x3, 0x80, 0x7f, 0xf1, 0x4, 0x2,
    0xd0, 0x1, 0xc6, 0x77, 0xf6, 0xca, 0x0, 0x71,
    0x0, 0x42, 0x2a, 0xc7, 0x31, 0x1, 0x26, 0xbc,
    0x30, 0x9, 0xc0, 0x36, 0x28, 0x4, 0x22, 0x0,
    0xc7, 0x88, 0x0, 0x70, 0xa, 0x48, 0xe, 0xbf,
    0xb9, 0xf6, 0x80, 0x15, 0x90, 0x8, 0x7, 0x3e,
    0x28, 0x6, 0x4b, 0x80, 0xa, 0x0, 0xc0, 0x31,
    0xc0, 0x7, 0xe7, 0x40, 0x2, 0x80, 0x88, 0x2,
    0x90, 0xf, 0xf6, 0x80, 0x44, 0x8, 0x1, 0x30,
    0x7, 0xf8, 0x80, 0x21, 0xf, 0x0, 0x98, 0x3,
    0xfc, 0x40, 0x10, 0x82, 0x88, 0x3, 0x80, 0x3f,
    0xda, 0x0, 0x12, 0x0, 0x40, 0x1, 0x20, 0x3,
    0xf3, 0xa0, 0x1, 0x80, 0x26, 0x40, 0x3, 0xe2,
    0x80, 0x63, 0xa8, 0x0, 0x14, 0x80, 0x6b, 0x40,
    0x1, 0xd7, 0xf7, 0x3f, 0x14, 0x0, 0x3e, 0x20,
    0x1d, 0x70, 0x1, 0x84, 0x40, 0x19, 0x7c, 0x80,
    0x3e, 0x7e, 0x95, 0x21, 0x1, 0x37, 0xda, 0x10,
    0x8,

    /* U+0037 "7" */
    0xef, 0xff, 0xfe, 0x30, 0x80, 0x7f, 0xf6, 0xc4,
    0x2, 0x6e, 0xef, 0xf6, 0x0, 0x4c, 0x1, 0x84,
    0x7f, 0xea, 0x0, 0xac, 0x3, 0xff, 0x84, 0x2c,
    0x0, 0x42, 0x0, 0xff, 0xe1, 0x30, 0x5, 0xe0,
    0x6, 0x6b, 0x0, 0x3f, 0xa4, 0x0, 0x68, 0x0,
    0x89, 0x92, 0x0, 0x7e, 0x61, 0x0, 0x48, 0x7,
    0xff, 0xe, 0xc0, 0x2, 0xa0, 0x1f, 0xfc, 0x25,
    0x20, 0x4, 0x80, 0x7f, 0xf0, 0xe4, 0x2, 0x70,
    0xf, 0xfe, 0x11, 0x98, 0x0, 0xe0, 0x1f, 0xfc,
    0x39, 0x0, 0xa4, 0x3, 0xff, 0x84, 0x4a, 0x0,
    0x51, 0x0, 0xff, 0xe1, 0x58, 0x5, 0x20, 0x1f,
    0xfc, 0x21, 0x60, 0x2, 0x18, 0x7, 0xff, 0xa,
    0x40, 0x2f, 0x0, 0xff, 0xe1, 0xb0, 0x0, 0x90,
    0x3, 0xff, 0x84, 0xc2, 0x0, 0xb0, 0xf, 0xfe,
    0x1d, 0x80, 0x5, 0x80, 0x3f, 0xf8, 0x4a, 0x40,
    0x9, 0x0, 0xff, 0xe1, 0xc8, 0x4, 0xc0, 0x1f,
    0xfc, 0x23, 0x30, 0x1, 0x84, 0x3, 0xff, 0x85,
    0x0, 0x15, 0x80, 0x7f, 0x80,

    /* U+0038 "8" */
    0x0, 0xe1, 0x6a, 0xde, 0xfe, 0xdb, 0x72, 0x0,
    0xfe, 0x8e, 0x95, 0x21, 0x1, 0x24, 0x8d, 0xa1,
    0x0, 0xe1, 0xc7, 0x0, 0xe1, 0x10, 0x6, 0x5c,
    0x20, 0xd, 0x46, 0x0, 0x19, 0xef, 0xee, 0xa8,
    0x80, 0x5, 0xe0, 0x11, 0x20, 0x0, 0xfd, 0x84,
    0x2, 0x15, 0xd5, 0x0, 0x12, 0x80, 0x10, 0x2,
    0x81, 0x0, 0xfd, 0x60, 0x16, 0x0, 0x4, 0x2,
    0x50, 0xf, 0xe1, 0x20, 0x1, 0x80, 0x8, 0x2,
    0x20, 0xf, 0xf1, 0x0, 0x8, 0x0, 0x80, 0x14,
    0x80, 0x7f, 0x38, 0x5, 0x80, 0x1, 0x70, 0x2,
    0xd9, 0x0, 0x71, 0x4c, 0x0, 0x11, 0x0, 0x14,
    0x30, 0x1, 0x37, 0xae, 0xed, 0xd3, 0x0, 0x12,
    0xc0, 0x3a, 0x60, 0x2, 0x14, 0x48, 0x80, 0x26,
    0xb0, 0xe, 0x1a, 0x80, 0xf, 0xf9, 0xb0, 0x80,
    0x21, 0xc5, 0x0, 0x14, 0x67, 0xfd, 0xb2, 0x60,
    0x3, 0xc2, 0x0, 0x59, 0x0, 0x1f, 0x5c, 0xc0,
    0x22, 0x6c, 0x90, 0x0, 0xf0, 0xa, 0x80, 0x12,
    0x0, 0x3f, 0x99, 0xc0, 0x6, 0x64, 0x0, 0xb8,
    0x3, 0xfe, 0xa0, 0x9, 0xc, 0x2, 0x60, 0xf,
    0xf8, 0x80, 0x2e, 0x30, 0x9, 0x80, 0x3f, 0xe2,
    0x0, 0x85, 0xc0, 0x2e, 0x0, 0xff, 0xa8, 0x2,
    0xd2, 0x30, 0x2, 0x38, 0x7, 0xf2, 0xb8, 0x0,
    0x54, 0x3c, 0x2, 0x8b, 0x51, 0x0, 0xc9, 0x54,
    0x0, 0xa0, 0x0, 0x74, 0x1, 0x25, 0x77, 0x6f,
    0xb5, 0x0, 0xa1, 0x80, 0x25, 0xd4, 0x0, 0xc2,
    0x30, 0x6, 0x2b, 0x70, 0xe, 0x2b, 0xd8, 0x42,
    0x10, 0x12, 0x48, 0xcd, 0x40, 0x8,

    /* U+0039 "9" */
    0x0, 0xc2, 0xd7, 0xbf, 0xed, 0xb7, 0x20, 0xf,
    0xe7, 0xe9, 0x42, 0x0, 0x12, 0x46, 0xc8, 0x80,
    0x7b, 0x20, 0x3, 0x8, 0x80, 0x33, 0x60, 0x80,
    0x6a, 0x30, 0x1, 0xd7, 0xf7, 0x3e, 0xd4, 0x0,
    0x58, 0x1, 0x22, 0x80, 0x17, 0x14, 0x3, 0x25,
    0x50, 0x0, 0x52, 0x0, 0xe0, 0x0, 0xd0, 0x7,
    0xe5, 0x80, 0x3, 0x10, 0x20, 0x1, 0xc0, 0x3f,
    0xcc, 0x1, 0x58, 0x8, 0x0, 0x40, 0x3f, 0xc2,
    0x1, 0x38, 0x8, 0x0, 0x40, 0x3f, 0xc2, 0x1,
    0x8, 0x88, 0x0, 0xe0, 0x1f, 0xe9, 0x0, 0xcb,
    0x40, 0x1, 0xa0, 0xf, 0xca, 0xe0, 0x18, 0x98,
    0x80, 0xb, 0xaa, 0x1, 0x8e, 0xa8, 0x1, 0xc2,
    0x1e, 0x20, 0x2, 0xaf, 0xee, 0x7e, 0x28, 0x2,
    0x80, 0x38, 0xbd, 0x0, 0x30, 0x88, 0x2, 0x3c,
    0x70, 0x8, 0x40, 0x3, 0x78, 0xe6, 0x20, 0x24,
    0xd7, 0x86, 0x20, 0x11, 0x80, 0x63, 0x8c, 0xef,
    0xed, 0x94, 0x0, 0x28, 0x4, 0xe0, 0x1f, 0xfc,
    0x3c, 0x0, 0x88, 0x3, 0xff, 0x84, 0x2a, 0x0,
    0x50, 0xf, 0xfe, 0x1c, 0x80, 0x5c, 0x1, 0xff,
    0xc2, 0x57, 0x0, 0x1a, 0x0, 0x7f, 0xf0, 0x5e,
    0x80, 0x2e, 0x0, 0xd7, 0x8e, 0x62, 0x2, 0x6f,
    0xb0, 0x1, 0x51, 0x0, 0x46, 0x87, 0x19, 0xdf,
    0xd9, 0x4, 0x1, 0x52, 0x80, 0x65, 0x0, 0xff,
    0x97, 0x94, 0x3, 0x9b, 0xa1, 0x8, 0x2, 0x24,
    0x8d, 0xa1, 0x0, 0xe0,

    /* U+003A ":" */
    0x5, 0xee, 0x38, 0x15, 0x8, 0xa1, 0x18, 0x3,
    0x12, 0x80, 0x65, 0x1b, 0x33, 0x51, 0x82, 0x66,
    0x14, 0x3, 0xff, 0xcc, 0x79, 0x85, 0x1, 0xc3,
    0x35, 0x1a, 0x80, 0x64, 0x60, 0xc, 0x65, 0x42,
    0x28, 0x40,

    /* U+003B ";" */
    0x5, 0xee, 0x38, 0x15, 0x8, 0xa1, 0x18, 0x3,
    0x12, 0x80, 0x65, 0x1b, 0x33, 0x51, 0x82, 0x66,
    0x14, 0x3, 0xff, 0xcc, 0x99, 0xac, 0x3, 0x66,
    0x52, 0x64, 0x1, 0x90, 0x80, 0x31, 0xe, 0x8,
    0x1, 0x0, 0xc4, 0x10, 0x40, 0xc0, 0x1a, 0x0,
    0x40, 0x3, 0x0, 0x30, 0x10, 0x2, 0x40, 0xe0,
    0x0,

    /* U+003C "<" */
    0x0, 0xff, 0xe2, 0x8, 0x7, 0xff, 0x4, 0x5b,
    0x64, 0x3, 0xfe, 0x4a, 0xe9, 0x20, 0xf, 0xe1,
    0x7d, 0xb5, 0x0, 0xbc, 0x3, 0xcb, 0x7d, 0x4,
    0x0, 0x28, 0xe7, 0x0, 0x8a, 0x3a, 0x90, 0x2,
    0x5c, 0xd7, 0x10, 0x3, 0x66, 0xb8, 0x80, 0xe,
    0x7e, 0x8c, 0x3, 0x4c, 0x8c, 0x0, 0x2f, 0xb8,
    0xc0, 0x1f, 0xf4, 0x74, 0x10, 0x7, 0xff, 0x6,
    0x31, 0x80, 0x3f, 0xd6, 0xe2, 0x0, 0x39, 0xf9,
    0x30, 0xf, 0x8a, 0x3a, 0xd0, 0x2, 0x6c, 0xd7,
    0x10, 0xf, 0x92, 0xfa, 0x8, 0x0, 0x51, 0xd6,
    0xa0, 0x1f, 0xb, 0xed, 0xa8, 0x4, 0x95, 0xca,
    0x1, 0xf9, 0x2b, 0xa4, 0xc0, 0x3, 0xa0, 0x1f,
    0xe1, 0x6c, 0xc3, 0x0, 0x7f, 0xf0, 0xce, 0x7e,
    0x80,

    /* U+003D "=" */
    0x9f, 0xff, 0xfe, 0x1c, 0x0, 0x7f, 0xf1, 0x78,
    0xcf, 0xff, 0x87, 0xcf, 0x99, 0xff, 0xc3, 0x60,
    0xf, 0xff, 0xc3, 0xee, 0xff, 0xf0, 0xdf, 0x88,
    0xbf, 0xf8, 0x7e, 0x1, 0xff, 0xc5,

    /* U+003E ">" */
    0x10, 0xf, 0xfe, 0x24, 0x63, 0x8, 0x7, 0xff,
    0x8, 0xe7, 0xa9, 0x0, 0x3f, 0xee, 0x0, 0x96,
    0xf5, 0xc4, 0x3, 0xf3, 0xeb, 0x90, 0x0, 0xa3,
    0xad, 0x0, 0x3e, 0x28, 0xdb, 0x50, 0x9, 0x2f,
    0xa0, 0x80, 0x3e, 0x4a, 0xf9, 0x30, 0x0, 0xbe,
    0xda, 0x80, 0x7e, 0x6c, 0xd7, 0x10, 0x2, 0x54,
    0x0, 0x7f, 0x14, 0x74, 0x0, 0x7f, 0xf0, 0x9b,
    0x20, 0x3, 0xfe, 0x3a, 0xf9, 0x30, 0x0, 0xbc,
    0x80, 0x61, 0x7d, 0xc5, 0x0, 0x96, 0xfa, 0x4,
    0x0, 0xb7, 0xd0, 0x40, 0x2, 0x8e, 0xa4, 0x0,
    0x9b, 0xe9, 0x0, 0x25, 0xcd, 0x71, 0x0, 0xef,
    0x0, 0x8e, 0x7e, 0x8c, 0x3, 0xf8, 0x5b, 0x71,
    0x80, 0x3f, 0xeb, 0xe9, 0x20, 0xf, 0xfe, 0x8,

    /* U+003F "?" */
    0x0, 0xc2, 0xd5, 0xbf, 0xf7, 0x5b, 0x88, 0x7,
    0x86, 0x7a, 0x54, 0x80, 0x21, 0x48, 0xe8, 0x0,
    0xc7, 0xec, 0x1, 0xff, 0x3d, 0x80, 0x13, 0x4,
    0x0, 0x51, 0x9d, 0xfd, 0x6a, 0x1, 0x24, 0x3,
    0x18, 0x2, 0x75, 0xcc, 0x40, 0x52, 0xa8, 0x1,
    0x30, 0x16, 0x45, 0xb0, 0x7, 0xe5, 0x40, 0x0,
    0x88, 0x0, 0xe8, 0x1, 0xfe, 0xc0, 0x8, 0xc0,
    0x3f, 0xf8, 0x5e, 0x1, 0x10, 0x7, 0xff, 0x9,
    0x80, 0x6, 0x1, 0xff, 0xc2, 0xa1, 0x0, 0x40,
    0x7, 0xff, 0x6, 0x94, 0x0, 0xc8, 0x1, 0xff,
    0xc0, 0xb5, 0x0, 0x34, 0x80, 0x7f, 0xf0, 0x31,
    0x0, 0xf, 0x20, 0x1f, 0xfc, 0xa, 0x30, 0x4,
    0x40, 0x3, 0xff, 0x80, 0x8a, 0x0, 0x57, 0x0,
    0xff, 0xe0, 0xe8, 0x5, 0x60, 0x1f, 0xfc, 0x25,
    0x0, 0x8, 0x80, 0x3f, 0xf8, 0x59, 0xfe, 0xe0,
    0xf, 0xff, 0x48, 0xbb, 0x84, 0x3, 0xff, 0x87,
    0x91, 0xf, 0x0, 0xff, 0xe1, 0x19, 0x0, 0x5,
    0x0, 0x3f, 0xf8, 0x22, 0x1, 0x98, 0x3, 0xff,
    0x82, 0x52, 0x22, 0x92, 0x0, 0xf0,

    /* U+0040 "@" */
    0x0, 0xff, 0xe0, 0x2c, 0xdf, 0x73, 0xfd, 0xd9,
    0x4e, 0x40, 0x1f, 0xfc, 0x83, 0xaf, 0xa6, 0x41,
    0x10, 0x0, 0x4d, 0x63, 0x74, 0xc0, 0x1f, 0xfc,
    0x42, 0xbc, 0x50, 0x1, 0x2c, 0x4d, 0x52, 0x5d,
    0x0, 0x5, 0x3c, 0xc0, 0x1f, 0xfc, 0x16, 0xd4,
    0x1, 0x8e, 0xda, 0x76, 0x55, 0x34, 0x5f, 0xda,
    0x0, 0xcd, 0x88, 0x7, 0xfa, 0x24, 0x1, 0x1c,
    0xe2, 0x1, 0xfe, 0x4b, 0xd3, 0x4, 0xc1, 0x0,
    0xfc, 0xee, 0x1, 0xc7, 0x0, 0xff, 0xe1, 0x96,
    0x40, 0x16, 0x8, 0x7, 0x92, 0x0, 0xbc, 0xc0,
    0x3f, 0xf8, 0xcf, 0x20, 0x54, 0x1, 0xc3, 0x40,
    0xf, 0x10, 0xe, 0x5a, 0xef, 0xf6, 0xca, 0x0,
    0x1f, 0xfd, 0x40, 0xce, 0x8, 0xc0, 0x1a, 0x44,
    0x24, 0x80, 0x31, 0xed, 0x28, 0x80, 0x9, 0xae,
    0xc4, 0x1, 0xe8, 0x30, 0x80, 0xc, 0xe0, 0x4c,
    0x1, 0x97, 0x8, 0x2, 0x23, 0x20, 0x2, 0x67,
    0x0, 0x7a, 0x0, 0x58, 0x0, 0xa0, 0xb, 0x0,
    0xc5, 0x40, 0x1, 0x9f, 0xdc, 0xde, 0x70, 0x16,
    0x0, 0xf2, 0x10, 0x68, 0x3, 0x80, 0xc, 0x1,
    0xbc, 0x0, 0x3e, 0xc0, 0x18, 0x63, 0x0, 0x3f,
    0xa8, 0x10, 0x0, 0xa0, 0x60, 0x19, 0x8, 0x1,
    0xa2, 0x1, 0xf1, 0xc8, 0x7, 0xe3, 0x0, 0x18,
    0x88, 0x14, 0x3, 0x68, 0x1, 0xc, 0x3, 0xf9,
    0x84, 0x3, 0xe5, 0x0, 0x29, 0x80, 0x38, 0x3,
    0x28, 0x3, 0x0, 0x3f, 0xe7, 0x0, 0xf8, 0x40,
    0x2, 0x20, 0x0, 0x80, 0x61, 0x0, 0x10, 0x7,
    0xfd, 0xc0, 0x1f, 0xfe, 0x21, 0x0, 0x8, 0x6,
    0x10, 0x1, 0x0, 0x7f, 0xdc, 0x1, 0xf0, 0x80,
    0x4, 0xc0, 0x1c, 0x1, 0x94, 0x1, 0x80, 0x1f,
    0xf3, 0x80, 0x7c, 0x40, 0x5, 0x11, 0x2, 0x80,
    0x6d, 0x0, 0x21, 0x80, 0x7f, 0x28, 0x80, 0x7c,
    0x80, 0x3, 0x4, 0x3, 0x10, 0x9, 0xc, 0x1,
    0xc2, 0x1, 0xf1, 0xd0, 0x4, 0x20, 0x1a, 0x81,
    0x0, 0x1e, 0x0, 0x70, 0xd, 0xc0, 0x2, 0xf6,
    0x0, 0xc2, 0xf8, 0x2, 0x0, 0x43, 0x0, 0x41,
    0x7, 0x80, 0x14, 0x1, 0x60, 0x18, 0xa8, 0x0,
    0x33, 0xf9, 0x7b, 0xd0, 0x3, 0xe2, 0x0, 0xcc,
    0x6b, 0x82, 0x20, 0x2, 0x70, 0x27, 0x0, 0xcb,
    0x84, 0x1, 0x1a, 0x10, 0x1, 0x30, 0x6c, 0x2,
    0x32, 0x3, 0xa0, 0xd, 0x22, 0x10, 0x40, 0x18,
    0xf6, 0x94, 0x40, 0x4, 0xb7, 0x62, 0x5, 0xb4,
    0x10, 0x38, 0xc1, 0x0, 0xc3, 0x40, 0xc, 0x10,
    0xe, 0x5a, 0xef, 0xf6, 0xd2, 0x0, 0x64, 0xbe,
    0xfc, 0x70, 0xf, 0x92, 0x0, 0x7c, 0xc0, 0x3f,
    0xfa, 0x4e, 0xe0, 0x1c, 0x80, 0xf, 0xfe, 0x94,
    0x48, 0x1, 0xf9, 0xc8, 0x3, 0xf8, 0xa2, 0x40,
    0x3f, 0xf8, 0x8d, 0xa8, 0x3, 0x1b, 0xaa, 0x76,
    0x6a, 0x2b, 0x74, 0xec, 0x1, 0xff, 0xc5, 0x2b,
    0xb2, 0x0, 0x9, 0x62, 0x66, 0x75, 0x20, 0x2,
    0x88, 0x7, 0xff, 0x19, 0x2f, 0xa9, 0x8c, 0x40,
    0x21, 0x36, 0xae, 0xa1, 0x0, 0xfe,

    /* U+0041 "A" */
    0x0, 0xff, 0xe0, 0x6f, 0xfc, 0x40, 0x1f, 0xfc,
    0xa4, 0x20, 0xa, 0xc0, 0x3f, 0xf9, 0x50, 0x1,
    0x98, 0x40, 0x3f, 0xf9, 0x6, 0x60, 0xe, 0x90,
    0xf, 0xfe, 0x44, 0x80, 0xe, 0x0, 0xe, 0x1,
    0xff, 0xc7, 0x25, 0x0, 0x4b, 0x0, 0x4e, 0x1,
    0xff, 0xc6, 0xb0, 0x0, 0xa8, 0xb0, 0x2, 0x40,
    0x3f, 0xf8, 0xa2, 0xc0, 0x9, 0x0, 0x58, 0x0,
    0x54, 0x3, 0xff, 0x89, 0x20, 0x13, 0x80, 0x9,
    0x0, 0x10, 0x1, 0xff, 0xc4, 0x60, 0x3, 0x0,
    0x6f, 0x0, 0x12, 0x0, 0x7f, 0xf0, 0x98, 0x40,
    0x16, 0x1, 0x90, 0x80, 0x1e, 0x1, 0xff, 0xc2,
    0xb0, 0x2, 0x90, 0x7, 0x58, 0x1, 0xc, 0x3,
    0xff, 0x80, 0xa4, 0x0, 0x90, 0xf, 0x30, 0x80,
    0x24, 0x3, 0xff, 0x81, 0x20, 0x3, 0x30, 0x7,
    0xcc, 0x0, 0x52, 0x0, 0xff, 0x19, 0x80, 0x12,
    0x1, 0xfa, 0x40, 0x2b, 0x0, 0xff, 0x40, 0x0,
    0x54, 0x3, 0xf0, 0xa8, 0x1, 0x84, 0x3, 0xf1,
    0x20, 0x0, 0x7f, 0xff, 0xca, 0x1, 0x30, 0x7,
    0xeb, 0x0, 0xff, 0xe3, 0x48, 0x7, 0xc2, 0xc0,
    0x1, 0x22, 0xff, 0xe0, 0x80, 0x5, 0x80, 0x3d,
    0x20, 0x16, 0x6e, 0xff, 0xf0, 0x48, 0x1, 0x60,
    0x1e, 0x60, 0x2, 0x90, 0x7, 0xff, 0x6, 0xc0,
    0x4, 0xa0, 0x19, 0x84, 0x1, 0x20, 0x1f, 0xfc,
    0x26, 0x10, 0x4, 0x80, 0x68, 0x0, 0x19, 0x80,
    0x3f, 0xf8, 0x6c, 0x0, 0x33, 0x0, 0x14, 0x40,
    0x12, 0x1, 0xff, 0xc4, 0x90, 0xa, 0x0, 0x12,
    0x0, 0x15, 0x0, 0xff, 0xe2, 0xb, 0x0, 0x10,
    0x80,

    /* U+0042 "B" */
    0x3f, 0xff, 0xfe, 0x7, 0x6d, 0x28, 0x7, 0xff,
    0x1c, 0x49, 0x6b, 0x98, 0x3, 0xf0, 0x8f, 0xf0,
    0x6, 0x19, 0x90, 0x7, 0xd1, 0xdd, 0xfb, 0xf1,
    0x40, 0x26, 0x50, 0xf, 0xfe, 0x21, 0xd4, 0x80,
    0x52, 0x1, 0xff, 0xc6, 0x63, 0x0, 0x18, 0x7,
    0xff, 0x1d, 0x0, 0x21, 0x0, 0xff, 0xe5, 0x8,
    0x7, 0xff, 0x19, 0x0, 0x4, 0x1, 0xff, 0xc6,
    0x73, 0x0, 0x58, 0x7, 0xff, 0xc, 0x97, 0x20,
    0x0, 0x8c, 0x1, 0xe9, 0xff, 0xfd, 0xb4, 0x60,
    0x5, 0xb0, 0xf, 0xfe, 0x49, 0x8, 0x7, 0xc2,
    0x3f, 0xe0, 0xc, 0xfc, 0x80, 0x1e, 0x8e, 0xef,
    0xef, 0xc7, 0x0, 0xad, 0x0, 0x3f, 0xf8, 0x87,
    0x1a, 0x1, 0x48, 0x7, 0xff, 0x18, 0xa0, 0x0,
    0x46, 0x1, 0xff, 0xc6, 0x40, 0x9, 0x40, 0x3f,
    0xfb, 0xa8, 0x1, 0x18, 0x7, 0xff, 0x14, 0xa4,
    0x2, 0x40, 0xf, 0xfe, 0x19, 0x3e, 0x8, 0x1,
    0x84, 0x3, 0x47, 0x77, 0xf7, 0xec, 0x8, 0x0,
    0xe4, 0x3, 0x84, 0x7f, 0xc0, 0x1c, 0xf8, 0x1,
    0xff, 0xc4, 0x12, 0x59, 0xe8, 0x0, 0x80,

    /* U+0043 "C" */
    0x0, 0xfe, 0x49, 0xce, 0xff, 0x76, 0x4a, 0x0,
    0x7f, 0xf0, 0x1f, 0xad, 0x8c, 0x40, 0x2, 0x6d,
    0x7e, 0xe0, 0x1f, 0x93, 0xa0, 0x40, 0x3f, 0xe8,
    0xe3, 0x0, 0xe6, 0xb1, 0x0, 0x8e, 0x2f, 0x36,
    0xe5, 0x0, 0x21, 0xc4, 0x0, 0x96, 0x40, 0x22,
    0xcc, 0x3a, 0x19, 0x23, 0x5f, 0x28, 0x0, 0x94,
    0x0, 0x54, 0x1, 0x36, 0x98, 0x7, 0xe1, 0xaa,
    0x1e, 0x8, 0x3, 0x80, 0x26, 0x90, 0xf, 0xfe,
    0x2, 0xe0, 0x80, 0x10, 0xc0, 0x7, 0x20, 0x1f,
    0xfc, 0x6e, 0x0, 0xbc, 0x3, 0xff, 0x8e, 0x80,
    0x2, 0x30, 0xf, 0xfe, 0x30, 0x88, 0x0, 0xa0,
    0x1f, 0xfc, 0x72, 0x0, 0xb8, 0x3, 0xff, 0x8e,
    0xe0, 0x11, 0x80, 0x7f, 0xf1, 0xdc, 0x2, 0x30,
    0xf, 0xfe, 0x39, 0x0, 0x5c, 0x1, 0xff, 0xc7,
    0x11, 0x0, 0x14, 0x3, 0xff, 0x90, 0x80, 0x2,
    0x30, 0xf, 0xfe, 0x3f, 0x0, 0x5e, 0x1, 0xff,
    0xc7, 0x43, 0x0, 0x1c, 0x80, 0x7f, 0xf1, 0xf8,
    0x2, 0x68, 0x0, 0xff, 0xe0, 0x36, 0x8, 0x4,
    0x52, 0x1, 0x3e, 0x18, 0x7, 0xe2, 0xa9, 0x3c,
    0x20, 0x9, 0xa4, 0x2, 0x3c, 0xc3, 0xa1, 0x92,
    0x35, 0xea, 0x80, 0x9, 0x80, 0x33, 0x58, 0x80,
    0x47, 0x17, 0x9b, 0x72, 0x80, 0x10, 0xea, 0x0,
    0x72, 0x73, 0x88, 0x7, 0xf8, 0x63, 0x88, 0x3,
    0xf4, 0x75, 0x31, 0x88, 0x0, 0x4d, 0xaf, 0x9c,
    0x2,

    /* U+0044 "D" */
    0x3f, 0xff, 0xfe, 0x6, 0xdc, 0x18, 0x7, 0xff,
    0x28, 0x91, 0xf3, 0x58, 0x3, 0xff, 0x98, 0x53,
    0x84, 0x1, 0xfd, 0x3d, 0xdf, 0x6d, 0xb9, 0x0,
    0x47, 0xa8, 0x1, 0xfc, 0x23, 0xf1, 0x24, 0x6d,
    0x90, 0x5, 0x66, 0x1, 0xff, 0xc7, 0x4d, 0x60,
    0xb, 0x44, 0x3, 0xff, 0x91, 0x2a, 0x0, 0x19,
    0x0, 0xff, 0xe4, 0xd0, 0x80, 0x1c, 0x40, 0x3f,
    0xf9, 0x30, 0x1, 0x38, 0x7, 0xff, 0x25, 0x80,
    0x2c, 0x0, 0xff, 0xe5, 0x18, 0x1, 0xc0, 0x3f,
    0xf9, 0x4c, 0x0, 0x20, 0xf, 0xfe, 0x51, 0x80,
    0x7f, 0xf3, 0x4c, 0x3, 0xff, 0x9a, 0xc0, 0x2,
    0x0, 0xff, 0xe5, 0x18, 0x1, 0xc0, 0x3f, 0xf9,
    0x2c, 0x1, 0x60, 0x7, 0xff, 0x26, 0x0, 0x27,
    0x0, 0xff, 0xe4, 0x50, 0x80, 0x18, 0x40, 0x3f,
    0xf8, 0xf2, 0xa0, 0x1, 0x80, 0xf, 0xfe, 0x32,
    0x6b, 0x0, 0x5a, 0x20, 0x1f, 0x8, 0xfc, 0x49,
    0x1b, 0x64, 0x1, 0x59, 0x80, 0x7d, 0x3d, 0xdf,
    0x6d, 0xb9, 0x0, 0x45, 0xa8, 0x1, 0xff, 0xc9,
    0x29, 0xd2, 0x0, 0xff, 0xe3, 0x12, 0x3e, 0x6b,
    0x0, 0x7c,

    /* U+0045 "E" */
    0x3f, 0xff, 0xfe, 0x2c, 0x80, 0x7f, 0xf8, 0x67,
    0xbb, 0xff, 0x83, 0x20, 0x1e, 0x11, 0xff, 0xe0,
    0x80, 0x7f, 0xff, 0xc0, 0x3f, 0xfc, 0xf3, 0xff,
    0xff, 0xc0, 0x0, 0xff, 0xf1, 0xcf, 0xff, 0xff,
    0x0, 0x3, 0xff, 0xfe, 0x1, 0xff, 0xe9, 0x11,
    0xff, 0xe1, 0x0, 0x74, 0xf7, 0x7f, 0xf0, 0x84,
    0x3, 0xff, 0xb8,

    /* U+0046 "F" */
    0x3f, 0xff, 0xfe, 0x2c, 0x80, 0x7f, 0xf7, 0xa7,
    0xbb, 0xff, 0x83, 0x20, 0x1c, 0x23, 0xff, 0xc1,
    0x0, 0xff, 0xff, 0x80, 0x7f, 0xfc, 0xe7, 0xff,
    0xff, 0x80, 0x1, 0xff, 0xe0, 0x9f, 0xff, 0xfe,
    0x0, 0x7, 0xff, 0xfc, 0x3, 0xff, 0xfe, 0x1,
    0xff, 0xcb,

    /* U+0047 "G" */
    0x0, 0xfe, 0x49, 0xce, 0xff, 0x76, 0x52, 0x88,
    0x7, 0xfc, 0xfd, 0x6c, 0x62, 0x0, 0x13, 0x5a,
    0xe9, 0x10, 0xf, 0x8f, 0x60, 0x40, 0x3f, 0xe6,
    0xe6, 0x0, 0xe6, 0xc2, 0x0, 0x8d, 0xeb, 0x36,
    0xe9, 0x44, 0x2, 0x98, 0x0, 0x96, 0x40, 0x22,
    0xcc, 0x42, 0x99, 0x22, 0xd7, 0x40, 0x80, 0x2c,
    0x0, 0x54, 0x1, 0x36, 0x98, 0x7, 0xf3, 0xe2,
    0x61, 0x80, 0x24, 0x2, 0x69, 0x0, 0xff, 0xe0,
    0x15, 0x98, 0x0, 0xd0, 0x0, 0x72, 0x1, 0xff,
    0xc6, 0xa0, 0xb, 0xc0, 0x3f, 0xf8, 0xee, 0x0,
    0x33, 0x0, 0x7f, 0xf1, 0x84, 0x40, 0x4, 0x0,
    0xff, 0xe3, 0x90, 0x5, 0xc0, 0x1f, 0xfc, 0x77,
    0x0, 0x8c, 0x3, 0xff, 0x86, 0xf5, 0x47, 0x70,
    0x4, 0x60, 0x1f, 0xfc, 0x3b, 0x55, 0x61, 0x0,
    0x5c, 0x1, 0xff, 0xc7, 0x11, 0x0, 0x14, 0x3,
    0xff, 0x90, 0xe0, 0x2, 0x30, 0xf, 0xfe, 0x3e,
    0x80, 0x5e, 0x1, 0xff, 0xc7, 0x44, 0x0, 0xe,
    0x40, 0x3f, 0xf8, 0xf2, 0x1, 0x34, 0x80, 0x7f,
    0xf1, 0x8a, 0x80, 0x26, 0xd3, 0x0, 0xfe, 0x52,
    0x0, 0xf2, 0xc8, 0x4, 0x59, 0x88, 0x43, 0x23,
    0x59, 0xea, 0x10, 0x0, 0x80, 0x66, 0xc2, 0x0,
    0x8d, 0xef, 0x37, 0x29, 0x84, 0x2, 0x5b, 0x0,
    0xe3, 0xd8, 0x10, 0xf, 0xf9, 0x2e, 0x84, 0x3,
    0xe7, 0xeb, 0x63, 0x10, 0x0, 0x92, 0xcf, 0x5a,
    0x0, 0x0,

    /* U+0048 "H" */
    0x3f, 0xf9, 0x80, 0x3f, 0xf8, 0x25, 0xff, 0x38,
    0x7, 0xff, 0xfc, 0x3, 0xff, 0xfe, 0x1, 0xff,
    0xf2, 0x11, 0xff, 0xe1, 0x0, 0x7e, 0x9e, 0xef,
    0xfe, 0xe, 0x0, 0x7f, 0xfa, 0xa7, 0xff, 0xff,
    0x83, 0xa0, 0x1f, 0xff, 0xf0, 0xf, 0xff, 0xf8,
    0x7, 0xff, 0xfc, 0x3, 0xf8,

    /* U+0049 "I" */
    0x3f, 0xf9, 0x80, 0x3f, 0xff, 0xe0, 0x1f, 0xfe,
    0x10,

    /* U+004A "J" */
    0x0, 0xb3, 0xff, 0xfe, 0xe0, 0xf, 0xfe, 0xbe,
    0xf7, 0x7e, 0x40, 0xf, 0x8, 0xff, 0x80, 0x3f,
    0xff, 0xe0, 0x1f, 0xff, 0xf0, 0xf, 0xff, 0x68,
    0x80, 0xc, 0x3, 0xff, 0x80, 0xe0, 0x1, 0x0,
    0x49, 0x80, 0x7c, 0x26, 0x0, 0x50, 0x86, 0xd3,
    0x0, 0xf5, 0x80, 0x58, 0x2e, 0x3, 0x94, 0x82,
    0x24, 0xb5, 0x0, 0xa, 0x8d, 0x0, 0x4b, 0x7d,
    0xcb, 0x40, 0xb, 0x40, 0xb, 0x84, 0x1, 0xf8,
    0x6c, 0xc0, 0x23, 0xdb, 0x52, 0x0, 0xa, 0x4f,
    0x20, 0x0,

    /* U+004B "K" */
    0x3f, 0xf9, 0x80, 0x3f, 0xf8, 0xd, 0xff, 0x50,
    0x7, 0xff, 0x15, 0xa4, 0x0, 0x94, 0x1, 0xff,
    0xc4, 0x69, 0x0, 0x25, 0x80, 0x7f, 0xf1, 0x16,
    0x40, 0x7, 0x60, 0x1f, 0xfc, 0x45, 0xa0, 0x1,
    0xe0, 0x7, 0xff, 0x11, 0x68, 0x0, 0x5a, 0x1,
    0xff, 0xc4, 0x5a, 0x0, 0x16, 0x8, 0x7, 0xff,
    0xd, 0x28, 0x0, 0x38, 0x20, 0x1f, 0xfc, 0x34,
    0xb0, 0x0, 0xe0, 0x80, 0x7f, 0xf0, 0xd2, 0xc0,
    0x3, 0x84, 0x1, 0xff, 0xc3, 0x4b, 0x0, 0xe,
    0x90, 0x7, 0xff, 0xc, 0xec, 0x2, 0x43, 0x0,
    0xff, 0xe1, 0x9e, 0x0, 0x65, 0x70, 0xf, 0xfe,
    0x17, 0xe0, 0x7, 0xa1, 0x0, 0x3f, 0xf8, 0x2c,
    0x1, 0x4b, 0x80, 0x56, 0x40, 0x1f, 0xfc, 0x39,
    0x68, 0x50, 0xb, 0xc4, 0x3, 0xff, 0x83, 0x2c,
    0x0, 0xa4, 0x0, 0x16, 0x80, 0x7f, 0xf0, 0x25,
    0x80, 0x35, 0x90, 0x0, 0xe4, 0x3, 0xfc, 0xec,
    0x1, 0xec, 0x10, 0x3, 0x30, 0x3, 0xfb, 0x80,
    0x3e, 0x1d, 0x0, 0xa5, 0x0, 0x3f, 0xf8, 0xa7,
    0x60, 0x15, 0x90, 0x7, 0xff, 0x15, 0x24, 0x2,
    0xf1, 0x0, 0xff, 0xe2, 0xb3, 0x80, 0xa, 0x80,
    0x3f, 0xf8, 0xd0, 0xa0, 0x4, 0x90, 0xf, 0xfe,
    0x35, 0x18, 0x1, 0x98,

    /* U+004C "L" */
    0x3f, 0xf9, 0x80, 0x3f, 0xff, 0xe0, 0x1f, 0xff,
    0xf0, 0xf, 0xff, 0xf8, 0x7, 0xff, 0xfc, 0x3,
    0xff, 0xfe, 0x1, 0xff, 0xcc, 0x11, 0xff, 0xe0,
    0x80, 0x74, 0xf7, 0x7f, 0xf0, 0x40, 0x3f, 0xfb,
    0x60,

    /* U+004D "M" */
    0x3f, 0xf8, 0x40, 0x3f, 0xf8, 0xf7, 0xfe, 0x80,
    0xd, 0x60, 0x1f, 0xfc, 0x64, 0x40, 0x0, 0x40,
    0x32, 0x98, 0x7, 0xff, 0x16, 0x40, 0x3f, 0xb8,
    0x3, 0xff, 0x88, 0xe4, 0x1, 0xfc, 0x4c, 0x1,
    0xff, 0xc2, 0x18, 0x0, 0xff, 0xa0, 0x40, 0x3f,
    0xf8, 0x36, 0x1, 0xff, 0xc0, 0x18, 0x0, 0xff,
    0xe0, 0x1a, 0x80, 0x7f, 0x94, 0x0, 0xc6, 0x1,
    0xff, 0x78, 0x1, 0x44, 0x3, 0xe9, 0x30, 0x7,
    0x80, 0x7f, 0x98, 0xc0, 0x16, 0x1, 0xfd, 0xe0,
    0x3, 0x60, 0xf, 0xc3, 0x0, 0x8, 0x10, 0xf,
    0xe3, 0x60, 0x4, 0x8, 0x7, 0xd0, 0x20, 0x4e,
    0x1, 0xff, 0x40, 0x80, 0xc0, 0x7, 0x89, 0x80,
    0x12, 0x1, 0xff, 0xc0, 0x18, 0x0, 0x31, 0x80,
    0x77, 0x0, 0x15, 0x0, 0x3f, 0xf8, 0x2c, 0x60,
    0xf, 0x0, 0xca, 0x60, 0xb, 0x0, 0xff, 0xe1,
    0xf0, 0x0, 0xd8, 0x2, 0xb0, 0x4, 0x8, 0x7,
    0xff, 0xc, 0x98, 0x1, 0x2, 0x10, 0x20, 0x4e,
    0x1, 0xff, 0xc5, 0x91, 0x1, 0x82, 0x70, 0x4,
    0x80, 0x7f, 0xf1, 0xec, 0x0, 0xdc, 0x0, 0x54,
    0x0, 0xff, 0xe3, 0xa9, 0x80, 0xc, 0x1, 0x60,
    0x1e, 0x30, 0xf, 0xfe, 0x17, 0x0, 0x68, 0x10,
    0xf, 0xfe, 0x49, 0x38, 0x0, 0x9c, 0x3, 0xff,
    0x97, 0x4, 0x12, 0x1, 0xff, 0xcd, 0xdf, 0x40,
    0xf, 0xff, 0xc0,

    /* U+004E "N" */
    0x3f, 0xf8, 0x80, 0x3f, 0xf8, 0x25, 0xff, 0x38,
    0x6, 0xf1, 0x0, 0xff, 0xe4, 0x95, 0x0, 0x7f,
    0xf2, 0x92, 0x40, 0x3f, 0xf9, 0x4c, 0xc0, 0xf,
    0xfe, 0x54, 0x98, 0x7, 0xff, 0x18, 0x80, 0x2d,
    0x10, 0xf, 0xfe, 0x2d, 0xa0, 0x0, 0x74, 0x3,
    0xff, 0x8d, 0x64, 0x0, 0x3a, 0x0, 0xff, 0xe3,
    0x78, 0x80, 0x15, 0xc0, 0x3f, 0xf8, 0xa5, 0x40,
    0x14, 0x20, 0x7, 0xff, 0x15, 0x20, 0x2, 0xa2,
    0x0, 0xff, 0xe2, 0xba, 0x80, 0x7, 0xc0, 0x3f,
    0xf8, 0xd4, 0x60, 0x2, 0xa0, 0xf, 0xfe, 0x36,
    0x88, 0x1, 0x5c, 0x3, 0xff, 0x8a, 0x3a, 0x1,
    0x42, 0x80, 0x7f, 0xf1, 0x4e, 0x40, 0x2a, 0x20,
    0xf, 0xfe, 0x2b, 0x30, 0x2, 0xf1, 0x0, 0xff,
    0xe2, 0xc9, 0x80, 0xb, 0x80, 0x3f, 0xf8, 0xda,
    0x20, 0x2, 0x0, 0xff, 0xe3, 0xe, 0x80, 0x7f,
    0xf2, 0x8e, 0x80, 0x3f, 0xf9, 0x4a, 0xe0, 0x1f,
    0xfc, 0xa8, 0x40, 0xf, 0xfe, 0x55, 0x90, 0x4,

    /* U+004F "O" */
    0x0, 0xfe, 0x49, 0xce, 0xff, 0x76, 0x52, 0x88,
    0x7, 0xff, 0xd, 0xfa, 0xd8, 0xc4, 0x0, 0x26,
    0xb5, 0xd2, 0x20, 0x1f, 0xf1, 0xec, 0x8, 0x7,
    0xfc, 0xdc, 0xc0, 0x1f, 0xcb, 0x84, 0x1, 0x1c,
    0x5e, 0x6e, 0x4a, 0x0, 0x69, 0x90, 0x7, 0xcb,
    0x40, 0x11, 0xe6, 0x1d, 0xc, 0x8d, 0xaf, 0x94,
    0x2, 0x69, 0x0, 0xe2, 0xa0, 0x9, 0xb0, 0xc0,
    0x3f, 0xd, 0x50, 0x2, 0x65, 0x0, 0xd2, 0x1,
    0x34, 0x80, 0x7f, 0xf0, 0x16, 0x80, 0x2b, 0x0,
    0x8d, 0x0, 0x7, 0x20, 0x1f, 0xfc, 0x25, 0x60,
    0x0, 0xb8, 0x2, 0x80, 0x2f, 0x0, 0xff, 0xe2,
    0x48, 0x80, 0x28, 0x0, 0xe0, 0x2, 0x30, 0xf,
    0xfe, 0x2b, 0x80, 0x8, 0x82, 0x20, 0x2, 0x80,
    0x7f, 0xf1, 0xb0, 0x2, 0x72, 0x0, 0xb8, 0x3,
    0xff, 0x8c, 0xe0, 0x11, 0x38, 0x4, 0x60, 0x1f,
    0xfc, 0x63, 0x0, 0xce, 0x1, 0x18, 0x7, 0xff,
    0x18, 0xc0, 0x31, 0x0, 0x5c, 0x1, 0xff, 0xc6,
    0x70, 0x8, 0x84, 0x40, 0x5, 0x0, 0xff, 0xe3,
    0x60, 0x4, 0xe0, 0xe0, 0x2, 0x30, 0xf, 0xfe,
    0x2b, 0x80, 0x8, 0x81, 0x40, 0x17, 0x80, 0x7f,
    0xf1, 0x20, 0x40, 0x14, 0x0, 0x34, 0x0, 0x1c,
    0x80, 0x7f, 0xf0, 0x95, 0xc0, 0x2, 0xc0, 0x14,
    0x80, 0x4d, 0x0, 0x1f, 0xfc, 0x5, 0xa0, 0xa,
    0xc4, 0x2, 0x2a, 0x0, 0x9f, 0xc, 0x3, 0xf0,
    0xcd, 0x0, 0x4c, 0xa0, 0x1c, 0xb2, 0x1, 0x1e,
    0x61, 0xd0, 0xc8, 0xda, 0xb9, 0x80, 0x25, 0x90,
    0xf, 0x9b, 0x8, 0x2, 0x38, 0xbc, 0xdc, 0x95,
    0x0, 0xd1, 0x40, 0x1f, 0xc7, 0xb0, 0x20, 0x1f,
    0xf3, 0x73, 0x80, 0x7f, 0xf0, 0x1f, 0xad, 0x8c,
    0x40, 0x2, 0x4b, 0x3d, 0x22, 0x1, 0xe0,

    /* U+0050 "P" */
    0x3f, 0xff, 0xfb, 0xae, 0xc, 0x3, 0xff, 0x8c,
    0x28, 0xf9, 0xa6, 0x1, 0xff, 0xc8, 0x2c, 0x80,
    0xf, 0xa7, 0xbb, 0xdb, 0x70, 0x40, 0x13, 0xb8,
    0x3, 0xe1, 0x1f, 0x12, 0x3e, 0xc8, 0x5, 0x4,
    0x1, 0xff, 0xc4, 0x69, 0x0, 0xac, 0x3, 0xff,
    0x8a, 0xc4, 0x0, 0x70, 0xf, 0xfe, 0x32, 0x0,
    0x4, 0x3, 0xff, 0x8c, 0x20, 0x10, 0x80, 0x7f,
    0xf1, 0x44, 0x2, 0x10, 0xf, 0xfe, 0x2a, 0x0,
    0x4, 0x3, 0xff, 0x8a, 0xa4, 0x0, 0x70, 0xf,
    0xfe, 0x22, 0x50, 0x5, 0x40, 0x1f, 0xfc, 0x12,
    0x5b, 0xb0, 0x4, 0xe6, 0x1, 0xd3, 0xff, 0xf6,
    0xd2, 0x0, 0x4d, 0x0, 0x1f, 0xfc, 0x61, 0xa9,
    0x0, 0xff, 0xe2, 0x13, 0x5f, 0x28, 0x7, 0xe9,
    0xee, 0xf7, 0xfb, 0x65, 0x0, 0x3f, 0xe1, 0x1f,
    0x0, 0x7f, 0xff, 0xc0, 0x3f, 0xff, 0x0,

    /* U+0051 "Q" */
    0x0, 0xfe, 0x49, 0xce, 0xff, 0x76, 0x52, 0x88,
    0x7, 0xff, 0x11, 0xfa, 0xd8, 0xc4, 0x0, 0x26,
    0xb5, 0xd2, 0x20, 0x1f, 0xfc, 0x3, 0xd8, 0x10,
    0xf, 0xf9, 0xb9, 0x80, 0x3f, 0xcb, 0x84, 0x1,
    0x1c, 0x5e, 0x6d, 0xca, 0x0, 0x69, 0x90, 0x7,
    0xe4, 0xa0, 0x8, 0xb3, 0xe, 0x86, 0x48, 0xd7,
    0xca, 0x1, 0x34, 0x80, 0x78, 0x6c, 0x2, 0x6d,
    0x30, 0xf, 0xc3, 0x52, 0x1, 0x32, 0x80, 0x75,
    0x0, 0x4d, 0x20, 0x1f, 0xfc, 0x6, 0xa0, 0xa,
    0xc0, 0x31, 0xa0, 0x0, 0xe4, 0x3, 0xff, 0x84,
    0xac, 0x0, 0x17, 0x0, 0xa8, 0x2, 0xf0, 0xf,
    0xfe, 0x24, 0x0, 0x54, 0x1, 0x38, 0x0, 0x8c,
    0x3, 0xff, 0x88, 0x2c, 0x0, 0x22, 0x0, 0x88,
    0x0, 0xa0, 0x1f, 0xfc, 0x6c, 0x0, 0x9c, 0x8,
    0x2, 0xe0, 0xf, 0xfe, 0x33, 0x80, 0x44, 0xe,
    0x1, 0x18, 0x7, 0xff, 0x18, 0xc0, 0x39, 0xc0,
    0x23, 0x0, 0xff, 0xe3, 0x18, 0x7, 0x10, 0x5,
    0xc0, 0x1f, 0xfc, 0x66, 0x0, 0x88, 0x4, 0x40,
    0x4, 0x0, 0xff, 0xe3, 0x60, 0x4, 0xe0, 0x4,
    0x0, 0x19, 0x0, 0x7f, 0xf1, 0x58, 0x0, 0x24,
    0x0, 0xe0, 0xa, 0x40, 0x3f, 0xf8, 0x90, 0x20,
    0x6, 0x0, 0x90, 0x80, 0x9, 0x0, 0x1f, 0xfc,
    0x24, 0x70, 0xa, 0x40, 0x37, 0x0, 0x4e, 0xe0,
    0xf, 0xfe, 0x2, 0x50, 0x5, 0x22, 0x1, 0x8e,
    0x0, 0x28, 0xb1, 0x0, 0xfe, 0x8b, 0x10, 0x2,
    0xb0, 0x7, 0x9d, 0xc0, 0x12, 0x75, 0x29, 0x8,
    0x89, 0x27, 0x9c, 0x2, 0x4a, 0x0, 0xfd, 0x12,
    0x1, 0x96, 0xb7, 0xb9, 0xb6, 0xc2, 0x1, 0x3d,
    0x80, 0x7f, 0x9b, 0x54, 0x3, 0xff, 0x80, 0x99,
    0x0, 0x1f, 0xfc, 0x2, 0xad, 0x84, 0x10, 0xe,
    0x18, 0xdb, 0x30, 0xf, 0xfe, 0x19, 0x3d, 0xf7,
    0xd8, 0x4, 0x20, 0x40, 0x1e, 0x66, 0x0, 0x7f,
    0xf0, 0x92, 0xc0, 0x28, 0xb3, 0x0, 0x8e, 0xa6,
    0x48, 0x1, 0xff, 0xc2, 0x4d, 0x20, 0x2, 0x67,
    0x6f, 0x62, 0x80, 0x4, 0x3, 0xff, 0x86, 0x5a,
    0xc0, 0x10, 0x90, 0x80, 0xa, 0xd4, 0x3, 0xff,
    0x8b, 0x3a, 0xe6, 0x0, 0x14, 0x9d, 0x40,

    /* U+0052 "R" */
    0x3f, 0xff, 0xfb, 0xae, 0xc, 0x3, 0xff, 0x8c,
    0x28, 0xf9, 0xa6, 0x1, 0xff, 0xc8, 0x2c, 0x80,
    0xf, 0xa7, 0xbb, 0xdb, 0x70, 0x40, 0x13, 0xb8,
    0x3, 0xe1, 0x1f, 0x12, 0x3e, 0xc8, 0x5, 0x4,
    0x1, 0xff, 0xc4, 0x69, 0x0, 0xac, 0x3, 0xff,
    0x8a, 0xc4, 0x0, 0x70, 0xf, 0xfe, 0x32, 0x0,
    0x4, 0x3, 0xff, 0x8c, 0x20, 0x10, 0x80, 0x7f,
    0xf1, 0x44, 0x2, 0x10, 0xf, 0xfe, 0x2a, 0x0,
    0x4, 0x3, 0xff, 0x8a, 0xa4, 0x0, 0x70, 0xf,
    0xfe, 0x22, 0x50, 0x5, 0x60, 0x1f, 0xfc, 0x12,
    0x5b, 0xb0, 0x4, 0xe4, 0x1, 0xd3, 0xff, 0xf6,
    0xd2, 0x0, 0x4d, 0x0, 0x1f, 0xfc, 0x62, 0xa9,
    0x0, 0xff, 0xe3, 0x16, 0xa8, 0x7, 0xe9, 0xff,
    0xfa, 0x40, 0x4, 0xe0, 0x1f, 0xfc, 0x56, 0x30,
    0x4, 0x10, 0x7, 0xff, 0x17, 0x80, 0x2e, 0x0,
    0xff, 0xe2, 0x94, 0x80, 0xd, 0xc0, 0x3f, 0xf8,
    0xac, 0x80, 0x8, 0x20, 0xf, 0xfe, 0x2d, 0x0,
    0x5e, 0x1, 0xff, 0xc5, 0x19, 0x0, 0x14, 0x0,
    0x7f, 0xf1, 0x59, 0x0, 0xe, 0x60,

    /* U+0053 "S" */
    0x0, 0xe1, 0x7b, 0xdf, 0xfb, 0xae, 0x10, 0x3,
    0xe1, 0x9e, 0x84, 0x20, 0x8, 0x51, 0xef, 0xa0,
    0x3, 0x16, 0x30, 0x7, 0xfc, 0x2f, 0x40, 0x17,
    0x90, 0x0, 0xa3, 0x3b, 0xfb, 0x69, 0x84, 0x1,
    0xc0, 0x6, 0x20, 0x2, 0xeb, 0x98, 0x80, 0x92,
    0xcf, 0x4a, 0x20, 0x1, 0xa0, 0x1, 0xa0, 0xf,
    0xf3, 0x58, 0x4, 0xc0, 0x4, 0x0, 0xff, 0xe3,
    0x88, 0x7, 0xff, 0x11, 0x80, 0x8, 0x40, 0x1f,
    0xfc, 0x3d, 0x0, 0xb1, 0x40, 0x3f, 0xf8, 0x4c,
    0x60, 0x1, 0xae, 0x95, 0x10, 0xf, 0xfb, 0x14,
    0x2, 0x16, 0xae, 0xd9, 0x50, 0xf, 0xea, 0xb3,
    0x0, 0xe2, 0x6a, 0xfa, 0x20, 0xf, 0x93, 0x36,
    0x50, 0x3, 0xcb, 0xb0, 0x1, 0xf8, 0x9a, 0xff,
    0x25, 0x0, 0x33, 0xd0, 0x7, 0xfc, 0x6d, 0x7c,
    0xe0, 0x12, 0xa8, 0x3, 0xff, 0x82, 0x31, 0x60,
    0x17, 0x80, 0x7f, 0xf0, 0xd0, 0xc0, 0xe, 0x1,
    0xff, 0xc4, 0x60, 0xc, 0xaa, 0x0, 0xff, 0xe0,
    0xa0, 0x1, 0x82, 0x2a, 0xcc, 0x3, 0xfd, 0x42,
    0x0, 0xe5, 0x20, 0x4c, 0xd8, 0x42, 0x10, 0x13,
    0x7d, 0x50, 0x1, 0xaa, 0xc0, 0x11, 0x3d, 0xef,
    0x7f, 0x64, 0x10, 0x0, 0xb4, 0x1, 0x58, 0x80,
    0x1f, 0xfc, 0x6, 0xd1, 0x0, 0x8e, 0xfa, 0x98,
    0xc4, 0x2, 0x25, 0x9e, 0x90, 0x8,

    /* U+0054 "T" */
    0xdf, 0xff, 0xfe, 0x40, 0x7, 0xff, 0x7b, 0x3b,
    0xbe, 0xb0, 0xa, 0x7b, 0xbf, 0x8, 0xfe, 0x70,
    0x8, 0xc4, 0x7f, 0x0, 0x7f, 0xff, 0xc0, 0x3f,
    0xff, 0xe0, 0x1f, 0xff, 0xf0, 0xf, 0xff, 0xf8,
    0x7, 0xff, 0xfc, 0x3, 0xff, 0xc2,

    /* U+0055 "U" */
    0x7f, 0xf8, 0x80, 0x3f, 0xf8, 0x33, 0xfe, 0xe0,
    0xf, 0xff, 0xf8, 0x7, 0xff, 0xfc, 0x3, 0xff,
    0xfe, 0x1, 0xff, 0xf1, 0x10, 0x8, 0x40, 0x3f,
    0xf8, 0x26, 0x0, 0x33, 0x0, 0x4e, 0x1, 0xff,
    0xc1, 0x10, 0x0, 0x88, 0x2, 0x20, 0xf, 0xfe,
    0xa, 0x80, 0x1d, 0x0, 0x2c, 0x0, 0xff, 0xe0,
    0x10, 0x80, 0x30, 0xc, 0x0, 0xa2, 0x1, 0xff,
    0x50, 0x4, 0x81, 0x40, 0x15, 0x80, 0x7f, 0x8d,
    0xc0, 0x4, 0x60, 0xc4, 0x0, 0x5a, 0x0, 0xfc,
    0x9a, 0x1, 0x40, 0x5, 0xc0, 0x12, 0xf4, 0x29,
    0x91, 0xb6, 0x58, 0x80, 0x19, 0x40, 0x23, 0xb0,
    0x8, 0x5e, 0xb3, 0x72, 0x4c, 0x2, 0x59, 0x0,
    0xe4, 0xd4, 0x0, 0xff, 0xc, 0xd0, 0x7, 0xc5,
    0x7b, 0x8, 0x20, 0x1, 0x26, 0xae, 0x60, 0xc,

    /* U+0056 "V" */
    0xc, 0xff, 0x84, 0x3, 0xff, 0x88, 0x5f, 0xf3,
    0x84, 0x80, 0x52, 0x1, 0xff, 0xc4, 0xb0, 0x9,
    0xc1, 0x44, 0x0, 0xc0, 0x1f, 0xfc, 0x31, 0x60,
    0x3, 0x0, 0x52, 0x0, 0x16, 0x0, 0xff, 0xe1,
    0x30, 0x5, 0x60, 0x13, 0x0, 0x56, 0x1, 0xff,
    0xc2, 0x90, 0x2, 0x90, 0x4, 0x2c, 0x0, 0x24,
    0x0, 0xff, 0xe0, 0x30, 0x80, 0x24, 0x3, 0xac,
    0x2, 0xf0, 0xf, 0xfe, 0x5, 0x80, 0xc, 0xc0,
    0x1c, 0x48, 0x0, 0x42, 0x0, 0xff, 0x21, 0x0,
    0x24, 0x3, 0xef, 0x0, 0xac, 0x3, 0xfd, 0xe0,
    0x1, 0x50, 0xf, 0x90, 0x80, 0xc, 0x20, 0x1f,
    0x89, 0x0, 0x12, 0x1, 0xfd, 0x60, 0x13, 0x0,
    0x7e, 0xb0, 0x9, 0x80, 0x3f, 0x98, 0x40, 0x12,
    0x1, 0xf0, 0xb0, 0x1, 0x84, 0x3, 0xfd, 0x20,
    0x1, 0x50, 0xf, 0x48, 0x5, 0x60, 0x1f, 0xf3,
    0x0, 0x50, 0x1, 0xe6, 0x0, 0x21, 0x0, 0x7f,
    0xc2, 0xc0, 0x2, 0x40, 0xc, 0xc2, 0x0, 0xf0,
    0xf, 0xfe, 0xd, 0x80, 0x5e, 0x1, 0xac, 0x0,
    0x68, 0x1, 0xff, 0xc1, 0x24, 0x0, 0x21, 0x0,
    0x10, 0x80, 0x12, 0x1, 0xff, 0xc3, 0xf0, 0xa,
    0xc0, 0x1e, 0x0, 0x15, 0x0, 0xff, 0xe1, 0xa1,
    0x0, 0x18, 0x49, 0x0, 0x12, 0x1, 0xff, 0xc5,
    0xb0, 0x9, 0xac, 0x2, 0x60, 0xf, 0xfe, 0x2b,
    0x8, 0x2, 0x58, 0x0, 0xc2, 0x1, 0xff, 0xc6,
    0x60, 0x0, 0x80, 0x56, 0x1, 0xff, 0xc7, 0x90,
    0xe, 0x42, 0x0, 0xff, 0xe3, 0x8b, 0x0, 0x6f,
    0x0, 0xff, 0xe4, 0xd8, 0x4, 0x48, 0x1, 0xfe,

    /* U+0057 "W" */
    0xaf, 0xf8, 0x3, 0xff, 0x82, 0xdf, 0xf1, 0x80,
    0x7f, 0xf0, 0xf, 0xfe, 0x3f, 0x0, 0x94, 0x3,
    0xff, 0x81, 0x40, 0x15, 0x0, 0x7f, 0xf0, 0x2c,
    0x0, 0x26, 0xa0, 0x17, 0x0, 0x7f, 0xc4, 0x60,
    0x13, 0x80, 0x7f, 0xf0, 0x18, 0x0, 0xc0, 0x5,
    0x0, 0x20, 0x7, 0xfc, 0xa0, 0x18, 0x50, 0x3,
    0xfc, 0x62, 0x0, 0xb0, 0x7, 0x80, 0x4a, 0x1,
    0xfe, 0xa0, 0xe, 0xd0, 0xf, 0xf5, 0x0, 0x8,
    0xc0, 0xa, 0x1, 0x70, 0x7, 0xf1, 0x10, 0x0,
    0xa0, 0x7, 0x0, 0xff, 0x38, 0x1, 0x40, 0x32,
    0x80, 0x10, 0x3, 0xfa, 0x80, 0x7, 0x20, 0x1,
    0x40, 0xf, 0xc6, 0x20, 0xb, 0x0, 0xde, 0x1,
    0x28, 0x7, 0xe5, 0x0, 0x59, 0x90, 0x3, 0x40,
    0x3f, 0x50, 0x0, 0x8c, 0x3, 0x28, 0x5, 0xc0,
    0x1f, 0x19, 0x0, 0x18, 0x14, 0x0, 0xe0, 0x1f,
    0x9c, 0x0, 0xa0, 0x1e, 0x50, 0x2, 0x0, 0x7d,
    0x40, 0x3, 0x10, 0xa0, 0x0, 0xa0, 0x7, 0x90,
    0x40, 0x14, 0x1, 0xee, 0x0, 0x94, 0x3, 0xce,
    0x0, 0xa0, 0x1, 0x10, 0x1, 0xc0, 0x1e, 0xd0,
    0x1, 0x10, 0x3, 0xc8, 0x1, 0x70, 0x7, 0x20,
    0x80, 0x1c, 0x2, 0xa0, 0x2, 0x80, 0x79, 0xc0,
    0xa, 0x1, 0xf9, 0x40, 0x8, 0x1, 0xda, 0x0,
    0x41, 0x0, 0x94, 0x2, 0x50, 0xc, 0x82, 0x0,
    0xa0, 0xf, 0xdc, 0x1, 0x28, 0x6, 0x70, 0x6,
    0x80, 0x62, 0x30, 0x7, 0x80, 0x6e, 0x0, 0x11,
    0x0, 0x3f, 0x20, 0x80, 0x38, 0x2, 0x51, 0x0,
    0x38, 0x7, 0x58, 0x1, 0x40, 0x32, 0x80, 0x28,
    0x3, 0xfc, 0x80, 0x4, 0x10, 0x7, 0x80, 0x10,
    0x40, 0x39, 0x80, 0x25, 0x0, 0x20, 0x4, 0xa0,
    0x1f, 0xee, 0x0, 0x9c, 0x0, 0xa0, 0xe, 0x0,
    0xf0, 0xa0, 0x3, 0xc0, 0x1c, 0x0, 0x22, 0x0,
    0x7f, 0x90, 0x40, 0x1a, 0xa, 0x1, 0x28, 0x7,
    0xda, 0x0, 0x50, 0x2, 0x80, 0x28, 0x3, 0xff,
    0x80, 0xe0, 0x4, 0x1e, 0x0, 0x28, 0x7, 0xe7,
    0x0, 0x95, 0x40, 0x12, 0x80, 0x7f, 0xf0, 0x34,
    0x2, 0x64, 0x0, 0x78, 0x7, 0xe1, 0x40, 0x7,
    0x78, 0x0, 0xc8, 0x3, 0xff, 0x80, 0x82, 0x0,
    0x80, 0x9, 0x40, 0x3f, 0xb8, 0x0, 0x8a, 0x0,
    0xb0, 0xf, 0xfe, 0x13, 0x80, 0x72, 0x80, 0x7f,
    0x94, 0x3, 0xca, 0x1, 0xff, 0xc2, 0xd0, 0xe,
    0xe0, 0xf, 0xf9, 0x40, 0x31, 0x90, 0x7, 0xff,
    0x9, 0x4, 0x2, 0x14, 0x0, 0xff, 0xbc, 0x3,
    0x58, 0x7, 0xff, 0x11, 0xc0, 0x27, 0x0, 0xff,
    0xe0, 0x28, 0x6, 0x60, 0xf, 0xc0,

    /* U+0058 "X" */
    0x9, 0xff, 0xa0, 0x3, 0xff, 0x80, 0x7f, 0xf5,
    0x80, 0x24, 0x80, 0xe, 0x80, 0x1f, 0xf7, 0x0,
    0x6, 0x80, 0x2f, 0x0, 0xa8, 0x40, 0x3f, 0xa8,
    0x80, 0x14, 0x20, 0x11, 0x48, 0x0, 0x68, 0x3,
    0xf2, 0xa8, 0x0, 0xe8, 0x1, 0xcc, 0xa0, 0x4,
    0x70, 0xf, 0x15, 0x0, 0xe, 0x0, 0x3e, 0xb1,
    0x0, 0x41, 0x80, 0x77, 0x0, 0x7, 0x40, 0x3f,
    0xe, 0x80, 0x5c, 0x1, 0xa0, 0xc0, 0x16, 0x20,
    0x1f, 0xc7, 0x0, 0x2, 0xa0, 0x2, 0x38, 0x1,
    0x94, 0x3, 0xfe, 0x74, 0x0, 0x2b, 0xd, 0x0,
    0xa, 0x40, 0x3f, 0xf8, 0x34, 0x20, 0x9, 0xd1,
    0x0, 0x78, 0x7, 0xff, 0x8, 0x68, 0x2, 0x30,
    0x4, 0x90, 0x7, 0xff, 0xd, 0x1c, 0x3, 0x2b,
    0x0, 0x7f, 0xf1, 0x74, 0x3, 0x10, 0x7, 0xff,
    0x14, 0x6c, 0x3, 0x3a, 0x0, 0x7f, 0xf1, 0x34,
    0x40, 0x3a, 0x84, 0x3, 0xff, 0x85, 0x6, 0x0,
    0x8a, 0x0, 0xd, 0x0, 0x7f, 0xf0, 0x51, 0xc0,
    0x8, 0xea, 0xc0, 0x4, 0x70, 0xf, 0xf8, 0x68,
    0x0, 0x34, 0x0, 0x92, 0x0, 0x41, 0x80, 0x7f,
    0xa8, 0x40, 0x14, 0x20, 0x17, 0x80, 0x5a, 0x20,
    0x1f, 0x9d, 0x0, 0xc, 0x80, 0x18, 0xa4, 0x0,
    0x34, 0x1, 0xf1, 0xc0, 0x0, 0xa4, 0x3, 0xcc,
    0xa0, 0x4, 0x70, 0xe, 0x1d, 0x0, 0xbc, 0x3,
    0xf5, 0x88, 0x2, 0xc, 0x3, 0x58, 0x80, 0x24,
    0x80, 0x3f, 0xe, 0x80, 0x5c, 0x1, 0x32, 0x80,
    0x11, 0x80, 0x3f, 0xc7, 0x0, 0x2, 0xa0, 0x39,
    0x0, 0xd, 0x0, 0x7f, 0xf0, 0x1d, 0x0, 0xa,
    0xc0,

    /* U+0059 "Y" */
    0xd, 0xff, 0x70, 0x80, 0x7f, 0xf0, 0x9b, 0xfe,
    0x20, 0xe0, 0x0, 0xc0, 0x7, 0xff, 0x4, 0x64,
    0x0, 0xe4, 0x6, 0xc0, 0x6, 0x30, 0xf, 0xfe,
    0x5, 0x80, 0xa, 0x0, 0x28, 0x10, 0x7, 0x0,
    0x7f, 0xc8, 0xa0, 0x9, 0x0, 0xc3, 0x0, 0x2,
    0x70, 0xf, 0xf4, 0x80, 0x15, 0x0, 0x39, 0x8c,
    0x1, 0x2, 0x1, 0xfa, 0x8, 0x1, 0x60, 0x1f,
    0x70, 0x5, 0x60, 0x1f, 0x13, 0x80, 0x20, 0x40,
    0x3e, 0x27, 0x0, 0x2a, 0x0, 0x7a, 0x40, 0x4,
    0xe0, 0x1f, 0xd0, 0x20, 0x9, 0x0, 0xe5, 0x40,
    0x7, 0x0, 0x7f, 0xd4, 0x0, 0x28, 0x0, 0x86,
    0xc0, 0xc, 0x60, 0x1f, 0xf2, 0x20, 0x0, 0xe4,
    0x0, 0x81, 0x1, 0x80, 0xf, 0xfe, 0xd, 0x0,
    0x52, 0x6, 0xc0, 0x8, 0x10, 0xf, 0xfe, 0x8,
    0xc0, 0x1, 0x17, 0xc0, 0x6, 0xc0, 0x1f, 0xfc,
    0x37, 0x20, 0x5, 0x18, 0x3, 0x80, 0x3f, 0xf8,
    0xbc, 0x1, 0xce, 0x40, 0x1f, 0xfc, 0x53, 0x60,
    0x8, 0x60, 0x3, 0xff, 0x8f, 0x60, 0x14, 0x80,
    0x7f, 0xf3, 0x4, 0x3, 0xff, 0xfe, 0x1, 0xff,
    0xff, 0x0, 0xff, 0xeb, 0x80,

    /* U+005A "Z" */
    0x3f, 0xff, 0xfe, 0x41, 0x0, 0x7f, 0xf7, 0x84,
    0xcd, 0xdd, 0xff, 0xc2, 0xd1, 0x0, 0xa8, 0x40,
    0x47, 0xff, 0x85, 0x22, 0x0, 0x84, 0x0, 0xff,
    0xe1, 0xca, 0x0, 0x15, 0xc0, 0x3f, 0xf8, 0x6c,
    0xc0, 0x1, 0xd0, 0x7, 0xff, 0xc, 0xe4, 0x0,
    0x3a, 0x1, 0xff, 0xc3, 0x1d, 0x0, 0xb4, 0x40,
    0x3f, 0xf8, 0x7a, 0x20, 0x9, 0x30, 0xf, 0xfe,
    0x1d, 0x18, 0x1, 0x98, 0x1, 0xff, 0xc3, 0x75,
    0x0, 0x1c, 0x80, 0x7f, 0xf0, 0xd2, 0x0, 0x3,
    0xa0, 0x1f, 0xfc, 0x32, 0xa0, 0xb, 0x44, 0x3,
    0xff, 0x87, 0xe2, 0x0, 0xa3, 0x0, 0xff, 0xe1,
    0xd9, 0x0, 0x1d, 0x40, 0x3f, 0xf8, 0x70, 0x80,
    0x4, 0x80, 0xf, 0xfe, 0x1a, 0xb8, 0x0, 0xa8,
    0x3, 0xff, 0x86, 0x54, 0x1, 0x78, 0x80, 0x7f,
    0xf0, 0x87, 0xc0, 0x2a, 0x20, 0xf, 0xfe, 0x1d,
    0x10, 0x1, 0xd4, 0x3, 0xff, 0x87, 0x28, 0x0,
    0x39, 0x11, 0xff, 0xe1, 0x2, 0xb0, 0x4, 0x7d,
    0xdf, 0xfc, 0x39, 0x20, 0xf, 0xfe, 0xf8,

    /* U+005B "[" */
    0x3f, 0xff, 0x90, 0x3, 0xff, 0x82, 0x45, 0x9c,
    0x3, 0x76, 0xec, 0x60, 0x1f, 0xff, 0xf0, 0xf,
    0xff, 0xf8, 0x7, 0xff, 0xfc, 0x3, 0xff, 0x83,
    0xdb, 0xb1, 0x80, 0x62, 0x2c, 0xe0, 0x1f, 0xc0,

    /* U+005C "\\" */
    0x28, 0x83, 0x0, 0x7f, 0xf0, 0x9, 0xdd, 0x22,
    0x1, 0xff, 0xc0, 0x50, 0x3, 0x0, 0x7f, 0xf0,
    0x38, 0x1, 0x40, 0x1f, 0xfc, 0x4, 0x10, 0x22,
    0x0, 0x7f, 0xf0, 0x1c, 0x1, 0x40, 0x1f, 0xfc,
    0xa, 0x0, 0x30, 0x7, 0xff, 0x0, 0xc4, 0x4,
    0xc0, 0x3f, 0xf8, 0xc, 0x0, 0xa0, 0xf, 0xfe,
    0x5, 0x0, 0x1c, 0x3, 0xff, 0x80, 0x44, 0x1,
    0x40, 0xf, 0xfe, 0x5, 0x0, 0x38, 0x3, 0xff,
    0x80, 0xc0, 0x5, 0x0, 0xff, 0xe0, 0x9, 0x80,
    0x14, 0x3, 0xff, 0x81, 0x40, 0xe, 0x0, 0xff,
    0xe0, 0x38, 0x1, 0x4, 0x3, 0xfe, 0x14, 0x0,
    0x38, 0x7, 0xff, 0x3, 0x80, 0x14, 0x1, 0xff,
    0xc0, 0x50, 0x1, 0x90, 0x7, 0xff, 0x1, 0x40,
    0xa, 0x1, 0xff, 0xc0, 0xe0, 0x5, 0x0, 0x7f,
    0xf0, 0x10, 0x40, 0x8c, 0x3, 0xff, 0x80, 0xe0,
    0xa, 0x0, 0xff, 0xe0, 0x50, 0x1, 0xc0, 0x3f,
    0xf8, 0x6, 0x40, 0x28, 0x1, 0xff, 0xc0, 0x50,
    0x7, 0x0, 0x7f, 0xf0, 0x28, 0x0, 0xa0, 0x1f,
    0xfc, 0x2, 0x30, 0x2, 0x80, 0x7f, 0xf0, 0x2c,
    0x1, 0xc0, 0x1f, 0xfc, 0x6, 0x0, 0x20, 0x80,
    0x7f, 0xc2, 0x80, 0x7, 0x0, 0xff, 0xe0, 0x70,
    0x2, 0x80, 0x3f, 0xf8, 0xa, 0x0, 0x31, 0x0,
    0xff, 0xe0, 0x28, 0x1, 0x80,

    /* U+005D "]" */
    0x5f, 0xff, 0x8c, 0x3, 0xf8, 0x48, 0xb0, 0x6,
    0x4d, 0xda, 0x40, 0x3f, 0xff, 0xe0, 0x1f, 0xff,
    0xf0, 0xf, 0xff, 0xf8, 0x7, 0xff, 0x5, 0x37,
    0x69, 0x0, 0xc2, 0x45, 0x80, 0x3f, 0xf8, 0x20,

    /* U+005E "^" */
    0x0, 0xf1, 0x7f, 0xc4, 0x1, 0xff, 0xc0, 0xa0,
    0xa, 0xc0, 0x3f, 0xf8, 0xe, 0x1, 0x30, 0x7,
    0xfc, 0xc0, 0x8, 0x0, 0x30, 0x7, 0xfa, 0xc0,
    0x9c, 0xc2, 0xc0, 0x3f, 0x90, 0x82, 0xc2, 0x80,
    0x90, 0x3, 0xf7, 0x0, 0x18, 0x18, 0x1, 0xe0,
    0x1f, 0xa, 0x83, 0x0, 0x4c, 0x8, 0x40, 0x1e,
    0x90, 0x5, 0x80, 0x56, 0x0, 0xa0, 0xf, 0x30,
    0x19, 0x0, 0x44, 0x80, 0xc0, 0x1c, 0xc2, 0x12,
    0x1, 0xdc, 0x2, 0xc0, 0x1a, 0x80, 0x54, 0x3,
    0x94, 0x42, 0x80, 0x23, 0x30, 0x30, 0x7, 0xcc,
    0x6, 0x60, 0x4, 0x80, 0x24, 0x3, 0xe9, 0x0,
    0x48, 0xa, 0x82, 0x88, 0x7, 0xc2, 0x80, 0xa2,

    /* U+005F "_" */
    0x33, 0xff, 0xe3, 0x66, 0x7f, 0xf1, 0x80, 0x3f,
    0xf8, 0xc0,

    /* U+0060 "`" */
    0x38, 0x89, 0x80, 0x38, 0xfd, 0xdd, 0x34, 0x1,
    0xcf, 0x82, 0xb, 0x60, 0x1c, 0x7e, 0xa0, 0x98,
    0x20, 0x18, 0x6a, 0x40, 0xf0, 0x40,

    /* U+0061 "a" */
    0x0, 0xc7, 0x17, 0xdf, 0xee, 0xc8, 0x20, 0xf,
    0x2e, 0xe3, 0xa0, 0x80, 0x4, 0xdf, 0x68, 0x3,
    0x35, 0x10, 0x7, 0xf9, 0x70, 0x2, 0x70, 0x0,
    0xbe, 0x7f, 0xdb, 0x22, 0x0, 0x37, 0x0, 0xc,
    0xc7, 0x41, 0x80, 0x44, 0xde, 0x20, 0x9, 0x0,
    0x99, 0xc0, 0x3f, 0xc, 0x0, 0x4, 0x80, 0x3f,
    0xf8, 0x28, 0x1, 0x30, 0x7, 0xff, 0x4, 0xc0,
    0x21, 0x0, 0x85, 0xef, 0xbf, 0xfd, 0xc0, 0x11,
    0x80, 0x17, 0xa1, 0x4, 0x3, 0xff, 0x80, 0x94,
    0x1, 0x23, 0xc4, 0x78, 0x3, 0xa4, 0x0, 0x3b,
    0x70, 0xef, 0xcc, 0x1, 0x84, 0x80, 0x10, 0x40,
    0x1f, 0xfc, 0x3, 0x0, 0x94, 0x3, 0xf2, 0x80,
    0x63, 0x0, 0x94, 0x3, 0xf4, 0x80, 0x61, 0x30,
    0x4, 0x18, 0x7, 0x16, 0x90, 0x7, 0x78, 0x0,
    0x72, 0xe1, 0xe3, 0x34, 0x84, 0x3, 0x8e, 0xc4,
    0x0, 0x8f, 0xe, 0x60, 0x5a, 0x20, 0x1c, 0x9f,
    0x28, 0x20, 0x2, 0x59, 0xd3, 0x0, 0xc0,

    /* U+0062 "b" */
    0xbf, 0xf5, 0x80, 0x7f, 0xff, 0xc0, 0x3f, 0xff,
    0xc5, 0x19, 0xdf, 0xd9, 0x6, 0x1, 0xff, 0x4e,
    0xb9, 0x88, 0x9, 0xbe, 0x50, 0x80, 0x7c, 0xf6,
    0xc0, 0x1f, 0xcb, 0xe6, 0x1, 0xe3, 0x40, 0x17,
    0xcf, 0xf6, 0xc1, 0x0, 0x7, 0x44, 0x3, 0xe3,
    0xf8, 0x30, 0x1, 0x3e, 0xa8, 0x0, 0x68, 0x3,
    0xc3, 0xa2, 0x1, 0xf5, 0x20, 0x1, 0x10, 0x1,
    0xd6, 0x20, 0x1f, 0xd2, 0x1, 0x68, 0x7, 0x28,
    0x7, 0xf8, 0x90, 0x0, 0x80, 0x18, 0x80, 0x3f,
    0xf8, 0x4, 0x0, 0x20, 0xc, 0xc0, 0x1f, 0xfc,
    0xe, 0x0, 0xf9, 0x80, 0x3f, 0xf8, 0x1c, 0x1,
    0xf1, 0x0, 0x7f, 0xf0, 0x14, 0x0, 0x40, 0x1c,
    0xc0, 0x1f, 0xe2, 0x30, 0x2, 0x0, 0x74, 0x8,
    0x7, 0xf4, 0x80, 0x5a, 0x1, 0xc3, 0xa2, 0x1,
    0xf5, 0x20, 0x1, 0x10, 0x1, 0xe3, 0xf8, 0x30,
    0x1, 0x3e, 0xa8, 0x0, 0x68, 0x3, 0x99, 0x0,
    0x5f, 0x3f, 0xdb, 0x4, 0x0, 0x1d, 0x10, 0xf,
    0x5b, 0x0, 0x7f, 0x27, 0x98, 0x7, 0xe9, 0xd7,
    0x31, 0x1, 0x37, 0xcb, 0x10, 0xc,

    /* U+0063 "c" */
    0x0, 0xf2, 0x4e, 0x77, 0xfb, 0x65, 0x0, 0x3f,
    0x16, 0x5b, 0x18, 0x80, 0x9, 0xaf, 0x8, 0x3,
    0x9b, 0x4c, 0x3, 0xf8, 0xf4, 0xc0, 0x25, 0x90,
    0x9, 0x6f, 0xbf, 0xad, 0x0, 0x2d, 0x10, 0x2a,
    0x0, 0xae, 0x90, 0x40, 0x52, 0xe8, 0x0, 0xc2,
    0x10, 0x1, 0x5a, 0x0, 0x7c, 0xb5, 0xb0, 0x0,
    0x50, 0x2, 0xa0, 0x7, 0xf2, 0x90, 0x1, 0x0,
    0x2e, 0x0, 0xff, 0xe1, 0x10, 0x4, 0xa0, 0x1f,
    0xfc, 0x21, 0x0, 0x84, 0x3, 0xff, 0x84, 0x20,
    0x10, 0x80, 0x7f, 0xf0, 0x88, 0x2, 0x50, 0xf,
    0xfe, 0x12, 0x0, 0x5c, 0x1, 0xff, 0xc3, 0x50,
    0x2, 0xa0, 0x7, 0xf2, 0x90, 0x5, 0x0, 0x15,
    0x20, 0x7, 0xcb, 0x5b, 0x20, 0x2, 0xb0, 0x0,
    0xdd, 0x20, 0x80, 0xa5, 0x50, 0x0, 0xe2, 0x0,
    0x49, 0x0, 0x96, 0xfb, 0xfa, 0xd4, 0x2, 0xd1,
    0x0, 0x9b, 0x4c, 0x3, 0xf8, 0xf8, 0xc0, 0x38,
    0xb2, 0xd8, 0x80, 0x22, 0x6b, 0xc1, 0x0, 0x0,

    /* U+0064 "d" */
    0x0, 0xff, 0xe2, 0x1f, 0xfc, 0x80, 0x1f, 0xff,
    0xf0, 0xf, 0xff, 0x6a, 0xd6, 0xff, 0xb6, 0xd4,
    0x3, 0xfe, 0x4e, 0xa5, 0x20, 0x1, 0x25, 0x6a,
    0x0, 0x7e, 0x8b, 0x10, 0xf, 0xc5, 0x76, 0x0,
    0xf3, 0xb8, 0x2, 0x5b, 0xef, 0xea, 0x40, 0x3,
    0x80, 0x71, 0xc0, 0x5, 0x54, 0x41, 0x1, 0x5b,
    0x90, 0xf, 0xa0, 0x2, 0xa5, 0x0, 0xf9, 0xa0,
    0x3, 0x85, 0x0, 0x8, 0xa0, 0x1f, 0xce, 0x40,
    0x19, 0x40, 0x2e, 0x0, 0xff, 0xa8, 0x3, 0x10,
    0x4, 0x80, 0x1f, 0xf1, 0x80, 0x61, 0x0, 0x84,
    0x3, 0xfe, 0x60, 0xc, 0x20, 0x10, 0x80, 0x7f,
    0xc2, 0x1, 0x88, 0x2, 0x50, 0xf, 0xf9, 0x40,
    0x32, 0x80, 0x5a, 0x1, 0xff, 0x50, 0x6, 0x14,
    0x0, 0x31, 0x80, 0x7f, 0x21, 0x80, 0x74, 0x0,
    0x5c, 0x40, 0x1f, 0x1d, 0x0, 0x78, 0xe0, 0x0,
    0x5a, 0xe2, 0x1, 0xc, 0x60, 0x80, 0x7c, 0xee,
    0x0, 0xa3, 0xb9, 0x9d, 0xc7, 0x0, 0x38, 0x7,
    0xd1, 0x62, 0x1, 0x9, 0x88, 0x0, 0x6a, 0x0,
    0x3f, 0x27, 0x4a, 0x90, 0x0, 0x52, 0x79, 0x40,
    0x38,

    /* U+0065 "e" */
    0x0, 0xf2, 0xd6, 0xff, 0xba, 0xd8, 0x40, 0x3f,
    0x93, 0xa9, 0x48, 0x0, 0x29, 0x3c, 0xc0, 0x1f,
    0x45, 0x88, 0x4, 0x22, 0x0, 0xd3, 0x40, 0x1c,
    0xce, 0x0, 0x2a, 0xee, 0xbe, 0xcc, 0x0, 0xb0,
    0x1, 0x14, 0x80, 0x13, 0x54, 0x40, 0x24, 0xc6,
    0x0, 0x3a, 0x0, 0x20, 0x0, 0x56, 0x1, 0xfa,
    0x50, 0x1, 0x0, 0x2a, 0x0, 0x80, 0xf, 0xf4,
    0x0, 0xc, 0x54, 0x2, 0x40, 0xf, 0xf1, 0x88,
    0x1, 0x8, 0x2, 0xef, 0xff, 0xf8, 0x40, 0x4,
    0x20, 0x1f, 0xfc, 0x71, 0x0, 0xa2, 0x3f, 0xf8,
    0x68, 0x40, 0x12, 0x3b, 0xff, 0xf0, 0x8d, 0x0,
    0x2a, 0x0, 0xff, 0xe2, 0x28, 0x1, 0x8c, 0x3,
    0xfc, 0x20, 0x1a, 0x0, 0x2c, 0x40, 0xf, 0xcf,
    0xe4, 0x1, 0x14, 0x80, 0x57, 0x65, 0x10, 0x1,
    0x36, 0xc0, 0xf8, 0x80, 0x4d, 0x0, 0x12, 0x57,
    0x7f, 0xb6, 0x48, 0x0, 0xe2, 0x1, 0x9f, 0x8,
    0x3, 0xf8, 0x62, 0x80, 0x3c, 0x7b, 0x6c, 0x62,
    0x0, 0x25, 0x9e, 0x70, 0x8,

    /* U+0066 "f" */
    0x0, 0xf1, 0xd6, 0xff, 0xb6, 0x48, 0x3, 0xa3,
    0x14, 0x80, 0x4, 0xdc, 0x1, 0x99, 0xc0, 0x21,
    0x20, 0x4, 0x80, 0x68, 0x0, 0xe, 0x76, 0xfd,
    0x28, 0x4, 0x42, 0x0, 0xb3, 0x0, 0x94, 0x3,
    0x8, 0x4, 0xe0, 0x1f, 0xfc, 0x87, 0xff, 0x60,
    0x5, 0xbf, 0xfa, 0xc0, 0x3f, 0xf8, 0x64, 0x66,
    0x20, 0x8, 0x8c, 0xf8, 0x17, 0x31, 0xc0, 0x17,
    0x66, 0x68, 0x0, 0xff, 0xff, 0x80, 0x7f, 0xff,
    0xc0, 0x3f, 0xfe, 0x20,

    /* U+0067 "g" */
    0x0, 0xf3, 0x56, 0xff, 0xba, 0xd8, 0x40, 0x19,
    0xfe, 0x80, 0xc, 0xbd, 0x2a, 0x40, 0x1, 0x49,
    0xe7, 0x0, 0xfd, 0x54, 0x10, 0xf, 0xe8, 0xa0,
    0xf, 0x4a, 0x80, 0x4d, 0x7d, 0xfe, 0xc7, 0x0,
    0x29, 0x80, 0x65, 0x60, 0x1, 0x6c, 0xa0, 0x80,
    0xe, 0x38, 0xc0, 0x3d, 0x0, 0x17, 0x90, 0x7,
    0xc3, 0xa2, 0x1, 0x88, 0x80, 0x7, 0x20, 0xf,
    0xe1, 0x80, 0xc, 0xe0, 0x15, 0x0, 0x7f, 0xcc,
    0x1, 0x88, 0x2, 0x20, 0xf, 0xfe, 0x0, 0x80,
    0x7c, 0x20, 0x1f, 0xfc, 0x42, 0x0, 0x88, 0x3,
    0xfe, 0x11, 0x0, 0x4e, 0x1, 0x50, 0x7, 0xfc,
    0xc0, 0x18, 0x8c, 0x0, 0xc6, 0x1, 0xfc, 0x32,
    0x1, 0xd0, 0x1, 0x69, 0x80, 0x7c, 0x58, 0x20,
    0x1c, 0x8e, 0x0, 0x1c, 0xa4, 0x10, 0x13, 0x9d,
    0x20, 0xf, 0xa1, 0x40, 0x25, 0xbe, 0xfe, 0xc6,
    0x0, 0x28, 0x80, 0x7a, 0xa8, 0x20, 0x1f, 0xd1,
    0x40, 0x1f, 0x97, 0xa5, 0x48, 0x0, 0x29, 0x1c,
    0xe0, 0x20, 0xf, 0x0, 0xf3, 0x56, 0xff, 0xba,
    0xdc, 0x40, 0x40, 0x22, 0x0, 0xff, 0xe2, 0x20,
    0x4, 0xe0, 0x11, 0x80, 0x7f, 0xf0, 0x20, 0x0,
    0x24, 0x0, 0x7c, 0x91, 0x0, 0xfe, 0x92, 0x0,
    0x48, 0x0, 0x60, 0x1b, 0xa9, 0x88, 0x2, 0x26,
    0xd6, 0x0, 0xb, 0x0, 0xc, 0x80, 0x25, 0x9d,
    0xff, 0xb6, 0x48, 0x0, 0x3a, 0x20, 0x2, 0xd8,
    0x10, 0xf, 0xf9, 0x3c, 0xc0, 0x39, 0xfa, 0xdd,
    0x8, 0x40, 0x2, 0x8f, 0xb6, 0x20, 0x10,

    /* U+0068 "h" */
    0xbf, 0xf5, 0x80, 0x7f, 0xff, 0xc0, 0x3f, 0xfe,
    0x7, 0x19, 0xdf, 0xd9, 0x2, 0x1, 0xf8, 0x6b,
    0x1c, 0xc4, 0x4, 0xdf, 0x9c, 0x3, 0xcf, 0x8a,
    0x1, 0xfd, 0x12, 0x1, 0xc6, 0x40, 0x53, 0xbd,
    0xcb, 0x50, 0x9, 0x90, 0x3, 0xcd, 0xac, 0x42,
    0x24, 0xa9, 0x0, 0xa0, 0x3, 0x92, 0x40, 0x3e,
    0x64, 0x0, 0x18, 0x80, 0x68, 0x0, 0xfe, 0xe0,
    0x9, 0x40, 0x21, 0x30, 0xf, 0xe7, 0x0, 0x84,
    0x2, 0x20, 0xf, 0xf1, 0x80, 0x46, 0x1, 0x38,
    0x7, 0xff, 0xfc, 0x3, 0xff, 0xfe, 0x1, 0xff,
    0xd8,

    /* U+0069 "i" */
    0x0, 0x33, 0x4, 0x1, 0xb3, 0x2c, 0x4, 0x20,
    0x1, 0x23, 0x0, 0x66, 0x29, 0x22, 0x51, 0x3,
    0x6e, 0x94, 0x3, 0xff, 0x85, 0x7f, 0xeb, 0x0,
    0xff, 0xff, 0x80, 0x7f, 0xf5, 0x80,

    /* U+006A "j" */
    0x0, 0xfc, 0xae, 0x40, 0x1f, 0xae, 0xa3, 0x48,
    0x3, 0xc2, 0x80, 0x12, 0x80, 0x78, 0x40, 0x31,
    0x0, 0x7d, 0x66, 0x2e, 0xa0, 0x1f, 0x26, 0x74,
    0x0, 0x7f, 0xf5, 0x23, 0xfd, 0xc0, 0x1f, 0xff,
    0xf0, 0xf, 0xff, 0xf8, 0x7, 0xff, 0xfc, 0x3,
    0xfe, 0x20, 0x1, 0x80, 0x7e, 0x70, 0x3, 0x0,
    0x11, 0x80, 0x29, 0x20, 0x6, 0x80, 0x3e, 0x7f,
    0xbd, 0x80, 0x2, 0xc0, 0x48, 0x0, 0x10, 0x8,
    0x74, 0x0, 0x54, 0x82, 0x0, 0x27, 0xf3, 0x0,
    0x0,

    /* U+006B "k" */
    0xbf, 0xf5, 0x80, 0x7f, 0xff, 0xc0, 0x3f, 0xff,
    0xcd, 0xff, 0x60, 0x7, 0xff, 0xa, 0x24, 0x0,
    0x98, 0x1, 0xff, 0xc1, 0x97, 0x0, 0x25, 0x80,
    0x7f, 0xf0, 0x69, 0x80, 0x9, 0x60, 0x1f, 0xfc,
    0x1b, 0x50, 0x2, 0xd8, 0x7, 0xff, 0x0, 0x71,
    0x0, 0xb, 0x40, 0x1f, 0xfc, 0x2, 0xc3, 0x0,
    0x2d, 0x0, 0x7f, 0xf0, 0xf, 0x8, 0x0, 0xb4,
    0x1, 0xff, 0xc0, 0x4c, 0x10, 0x9, 0x80, 0x3f,
    0xf8, 0xb, 0x60, 0x1c, 0x72, 0x1, 0xff, 0x8,
    0x5, 0x2, 0x0, 0x66, 0x0, 0x7f, 0xf0, 0x6d,
    0xe8, 0x2, 0x93, 0x0, 0xff, 0xe, 0x20, 0x24,
    0x80, 0x5a, 0x20, 0x1f, 0x87, 0xc, 0x2, 0x66,
    0x0, 0x6, 0x80, 0x3f, 0x29, 0x0, 0x74, 0x98,
    0x1, 0x20, 0x3, 0xff, 0x87, 0xa2, 0x0, 0x75,
    0x0, 0xff, 0xe1, 0xe, 0x80, 0x54, 0x40, 0x1f,
    0xfc, 0x23, 0xa0, 0xb, 0xc4, 0x3, 0xff, 0x84,
    0xae, 0x0, 0x2a, 0x0,

    /* U+006C "l" */
    0xbf, 0xf5, 0x80, 0x7f, 0xff, 0xc0, 0x3f, 0xf9,
    0xa0,

    /* U+006D "m" */
    0xbf, 0xf4, 0x80, 0x16, 0xb7, 0xfd, 0xb6, 0xa0,
    0x1e, 0x5a, 0xde, 0xfe, 0xb6, 0x0, 0xfc, 0x59,
    0x4a, 0x40, 0x2, 0x4a, 0xd3, 0x0, 0x2f, 0x52,
    0x90, 0x80, 0xa4, 0xf1, 0x80, 0x72, 0xe1, 0x80,
    0x42, 0x1, 0x8b, 0xd, 0xe8, 0x40, 0x21, 0x0,
    0xc3, 0x86, 0x1, 0x8c, 0x41, 0xb7, 0xfb, 0xf0,
    0xc0, 0x2d, 0x80, 0x2, 0xe7, 0xf7, 0xe2, 0x0,
    0x5c, 0x1, 0xea, 0x92, 0x0, 0x8f, 0x10, 0x0,
    0x20, 0x8, 0xa3, 0x0, 0x8e, 0xd4, 0x0, 0x4a,
    0x1, 0x99, 0x40, 0x3e, 0x90, 0xc, 0x8e, 0x1,
    0xf5, 0x80, 0x5e, 0x1, 0xac, 0x3, 0xf1, 0x10,
    0x2, 0xf0, 0xf, 0xc2, 0x80, 0x7, 0x0, 0x84,
    0x80, 0x3f, 0x9c, 0x2, 0x40, 0xf, 0xe3, 0x0,
    0x18, 0x4, 0x40, 0x1f, 0xe3, 0x0, 0x8, 0x7,
    0xff, 0x4, 0x40, 0x27, 0x0, 0xff, 0xe0, 0x98,
    0x7, 0xff, 0xfc, 0x3, 0xff, 0xfe, 0x1, 0xff,
    0xff, 0x0, 0xff, 0xff, 0x80, 0x0,

    /* U+006E "n" */
    0xbf, 0xf4, 0x80, 0x12, 0x77, 0xbf, 0xb2, 0x4,
    0x3, 0xf1, 0x65, 0xb1, 0x8, 0x9, 0xbf, 0x38,
    0x7, 0x8b, 0xc, 0x2, 0x11, 0x0, 0x68, 0x90,
    0xe, 0x41, 0x5, 0xcf, 0xee, 0xa0, 0x2, 0x64,
    0x0, 0xf4, 0xd1, 0x80, 0x42, 0xf6, 0x1, 0x40,
    0x7, 0x2b, 0x0, 0x7c, 0x8a, 0x0, 0x31, 0x0,
    0xd0, 0x1, 0xfd, 0xc0, 0x12, 0x80, 0x42, 0x40,
    0x1f, 0xcc, 0x1, 0x8, 0x4, 0x40, 0x1f, 0xe3,
    0x0, 0x8c, 0x2, 0x70, 0xf, 0xff, 0xf8, 0x7,
    0xff, 0xfc, 0x3, 0xff, 0xb0,

    /* U+006F "o" */
    0x0, 0xf2, 0x4e, 0xff, 0xd9, 0x26, 0x1, 0xfe,
    0x3d, 0xb6, 0x20, 0x8, 0xdb, 0x30, 0x40, 0x1f,
    0x3e, 0x10, 0x7, 0xf1, 0xea, 0x80, 0x72, 0xc0,
    0x4, 0xb7, 0xdf, 0xd4, 0x80, 0x15, 0x18, 0x4,
    0x54, 0x0, 0x1b, 0xa4, 0x10, 0x15, 0xba, 0x0,
    0xb4, 0x40, 0x10, 0x1, 0x52, 0x0, 0x7c, 0xb2,
    0x0, 0x19, 0x0, 0x28, 0x1, 0x50, 0x3, 0xf9,
    0x8c, 0x0, 0xc0, 0x80, 0x17, 0x0, 0x7f, 0xd4,
    0x0, 0x12, 0x20, 0x4, 0xa0, 0x1f, 0xf1, 0x0,
    0x4c, 0x20, 0x10, 0x80, 0x7f, 0xcc, 0x1, 0x8,
    0x80, 0x21, 0x0, 0xff, 0x98, 0x2, 0x12, 0x0,
    0x94, 0x3, 0xfe, 0x30, 0x9, 0x90, 0x2, 0xf0,
    0xf, 0xfa, 0x80, 0x2, 0x40, 0xa0, 0x4, 0x40,
    0x7, 0xf3, 0x10, 0x2, 0x40, 0x10, 0x1, 0x5a,
    0x0, 0x7c, 0xd2, 0x0, 0x16, 0x0, 0x15, 0x0,
    0x57, 0x48, 0x20, 0x2b, 0x72, 0x1, 0x68, 0x80,
    0x4b, 0x20, 0x12, 0xdf, 0x7f, 0x52, 0x0, 0x54,
    0x60, 0x1c, 0xd8, 0x40, 0x1f, 0xc7, 0xaa, 0x1,
    0xf1, 0xed, 0xb1, 0x0, 0x46, 0xd7, 0x84, 0x1,
    0x80,

    /* U+0070 "p" */
    0xbf, 0xf4, 0x80, 0xe, 0x33, 0xbf, 0xb2, 0xc,
    0x3, 0xfc, 0x35, 0x8e, 0x62, 0x2, 0x6f, 0x94,
    0x20, 0x1f, 0x16, 0x28, 0x4, 0x44, 0x0, 0xcb,
    0xe6, 0x1, 0xe4, 0x20, 0x2a, 0xfd, 0xd7, 0xda,
    0x0, 0x7, 0x44, 0x3, 0xe4, 0xd5, 0x0, 0xc9,
    0x70, 0x0, 0x1a, 0x0, 0xf1, 0x58, 0x7, 0xe7,
    0x50, 0x2, 0x20, 0x3, 0xa0, 0x3, 0xfd, 0x60,
    0x16, 0x80, 0x72, 0x80, 0x7f, 0x85, 0x0, 0x8,
    0x1, 0x8c, 0x3, 0xff, 0x80, 0x60, 0x2, 0x0,
    0xce, 0x1, 0xff, 0xc0, 0xf0, 0xf, 0x98, 0x3,
    0xff, 0x81, 0xc0, 0x1f, 0x10, 0x7, 0xff, 0x1,
    0x40, 0x4, 0x1, 0xcc, 0x1, 0xfe, 0x23, 0x0,
    0x20, 0x7, 0x40, 0x80, 0x7f, 0x70, 0x5, 0xa0,
    0x1c, 0x3a, 0x40, 0x1f, 0x51, 0x80, 0x11, 0x0,
    0x1e, 0x3d, 0x83, 0x0, 0x13, 0xea, 0x80, 0x6,
    0x80, 0x38, 0xd4, 0x0, 0xf9, 0xfe, 0xd8, 0x20,
    0x0, 0xe8, 0x80, 0x73, 0xd3, 0x80, 0x7f, 0x27,
    0x98, 0x7, 0xe8, 0xd7, 0x31, 0x1, 0x37, 0xcb,
    0x10, 0xf, 0xf1, 0x46, 0x77, 0xf6, 0x41, 0x80,
    0x7f, 0xff, 0xc0, 0x3f, 0xfd, 0xa0,

    /* U+0071 "q" */
    0x0, 0xf2, 0xd6, 0xff, 0xb6, 0xd8, 0x2, 0xff,
    0x90, 0x3, 0x27, 0x52, 0x90, 0x0, 0x92, 0x79,
    0x0, 0x3f, 0x45, 0x88, 0x7, 0xe1, 0xb6, 0x0,
    0xf3, 0xb8, 0x2, 0x5b, 0xef, 0xea, 0x40, 0x4,
    0x80, 0x71, 0xc0, 0x0, 0x6e, 0x90, 0x40, 0x56,
    0xe4, 0x3, 0xe8, 0x0, 0xa9, 0x0, 0x3e, 0x68,
    0x0, 0xe1, 0x40, 0x2, 0xa0, 0x7, 0xf3, 0x90,
    0x6, 0x50, 0xb, 0x80, 0x3f, 0xea, 0x0, 0xc4,
    0x1, 0x28, 0x7, 0xfc, 0x60, 0x18, 0x40, 0x21,
    0x0, 0xff, 0x98, 0x3, 0x8, 0x4, 0x20, 0x1f,
    0xf3, 0x0, 0x62, 0x0, 0x94, 0x3, 0xfe, 0x30,
    0xc, 0xa0, 0x17, 0x80, 0x7f, 0xd4, 0x1, 0x85,
    0x0, 0x8, 0x80, 0xf, 0xe6, 0x20, 0xe, 0x80,
    0xa, 0xd0, 0x3, 0xe6, 0x90, 0xf, 0x1c, 0x0,
    0x57, 0x48, 0x20, 0x2b, 0x72, 0x1, 0xf9, 0xdc,
    0x1, 0x2d, 0xf7, 0xf5, 0x20, 0x2, 0x0, 0x3e,
    0x8b, 0x10, 0xf, 0xc5, 0x88, 0x1, 0xf9, 0x3a,
    0x54, 0x80, 0x4, 0x95, 0xa6, 0x1, 0xff, 0x35,
    0x6f, 0xfb, 0x6d, 0x40, 0x3f, 0xff, 0xe0, 0x1f,
    0xfe, 0xe0,

    /* U+0072 "r" */
    0xbf, 0xf4, 0x80, 0xe, 0x33, 0xa0, 0x3, 0xab,
    0x1c, 0xc4, 0x3, 0xad, 0x40, 0x3f, 0x32, 0x0,
    0x1a, 0x6e, 0x80, 0x38, 0xfa, 0x59, 0x8, 0x3,
    0x16, 0x8, 0x7, 0xe8, 0x0, 0xff, 0x28, 0x7,
    0xf1, 0x80, 0x7f, 0x9c, 0x3, 0xff, 0xfe, 0x1,
    0xff, 0xd3,

    /* U+0073 "s" */
    0x0, 0xe6, 0xad, 0xff, 0x76, 0xd3, 0x90, 0x7,
    0x2f, 0x4a, 0x90, 0x0, 0x49, 0x63, 0x6c, 0x40,
    0xd, 0x42, 0x1, 0xfe, 0x51, 0x1, 0x90, 0x0,
    0xcf, 0x7f, 0xdb, 0x48, 0x10, 0x0, 0x70, 0xb,
    0x58, 0x40, 0x22, 0x5b, 0xd6, 0x0, 0x70, 0x0,
    0x4c, 0x3, 0xf1, 0x0, 0x5e, 0x0, 0x13, 0x0,
    0xff, 0xe0, 0x28, 0x5, 0x90, 0x60, 0x1f, 0xe2,
    0x70, 0x9, 0xf3, 0xf6, 0x9c, 0xc0, 0x3d, 0x12,
    0x20, 0x18, 0x96, 0x33, 0xa0, 0x3, 0x9b, 0xad,
    0xd0, 0x40, 0x30, 0xbe, 0x8, 0x7, 0x24, 0x5f,
    0x72, 0xdc, 0x40, 0x7, 0x0, 0x1f, 0xc2, 0x91,
    0xc4, 0x0, 0x70, 0xf, 0xfe, 0xa, 0x80, 0x4,
    0x1, 0x46, 0x1, 0xfc, 0x60, 0x2, 0x7, 0x5c,
    0xc3, 0x98, 0x6, 0x3a, 0x40, 0x2, 0x84, 0x80,
    0xe, 0x33, 0xff, 0x62, 0x80, 0xa, 0x3, 0x50,
    0x3, 0xfe, 0x5d, 0x0, 0x1d, 0xf4, 0xa9, 0x8,
    0x0, 0x51, 0xf6, 0x80, 0x0,

    /* U+0074 "t" */
    0x0, 0x8f, 0xfe, 0x30, 0xf, 0xff, 0x23, 0xff,
    0xb0, 0x2, 0xcf, 0xfd, 0x60, 0x1f, 0xfc, 0x32,
    0x33, 0x10, 0x4, 0x46, 0x7c, 0xb, 0x98, 0xe0,
    0xb, 0xb3, 0x34, 0x0, 0x7f, 0xff, 0xc0, 0x3f,
    0xfd, 0xee, 0x1, 0xfc, 0x40, 0x16, 0x0, 0x7f,
    0x9, 0x0, 0x1d, 0x40, 0x3, 0x2, 0x1, 0xa0,
    0x2, 0xaf, 0xee, 0x3b, 0x0, 0x65, 0x70, 0xc,
    0x20, 0xa, 0x0, 0xe8, 0xb5, 0x10, 0x1, 0xbe,
    0x0,

    /* U+0075 "u" */
    0xef, 0xf4, 0x0, 0x7f, 0x9b, 0xfe, 0x10, 0xf,
    0xff, 0xf8, 0x7, 0xff, 0xfc, 0x3, 0xff, 0xae,
    0x20, 0x18, 0xc0, 0x2, 0x1, 0xfe, 0xf0, 0xc,
    0x20, 0x5, 0x0, 0xff, 0x20, 0x6, 0x50, 0x1,
    0x88, 0x7, 0xe4, 0x30, 0xd, 0xa0, 0x15, 0x0,
    0x7c, 0x54, 0x1, 0xc8, 0x60, 0x4, 0xb3, 0x0,
    0x85, 0xb0, 0x40, 0x3d, 0xc2, 0x0, 0x4c, 0xfd,
    0xee, 0x48, 0x82, 0x80, 0x71, 0x61, 0x80, 0x62,
    0x10, 0x0, 0xd4, 0x80, 0x78, 0xb2, 0xd4, 0x80,
    0x2, 0x93, 0xca, 0x1, 0xc0,

    /* U+0076 "v" */
    0xd, 0xff, 0x58, 0x7, 0xff, 0x1, 0xff, 0xdc,
    0x0, 0xb0, 0x2, 0x10, 0x7, 0xfd, 0x40, 0x9,
    0x0, 0x30, 0x80, 0x2c, 0x3, 0xfc, 0xa4, 0x0,
    0x60, 0x9, 0x80, 0xc, 0x20, 0x1f, 0xd2, 0x0,
    0x61, 0x0, 0xa4, 0x2, 0x60, 0xf, 0xc6, 0x60,
    0x5, 0x80, 0x61, 0x50, 0x4, 0x80, 0x7e, 0x90,
    0x2, 0x10, 0x7, 0x48, 0x0, 0x54, 0x3, 0xc2,
    0xa0, 0xf, 0x0, 0xf1, 0x98, 0x1, 0x20, 0x1e,
    0x90, 0x1, 0x20, 0x7, 0xd2, 0x0, 0x32, 0x0,
    0xe6, 0x0, 0x58, 0x7, 0xe5, 0x10, 0x5, 0x80,
    0x66, 0x10, 0x16, 0x0, 0xfe, 0x90, 0x3, 0x8,
    0x5, 0x60, 0x6, 0x0, 0xff, 0x30, 0x4, 0xc0,
    0x4, 0x20, 0x4, 0x80, 0x7f, 0x85, 0x80, 0x12,
    0x0, 0xf0, 0x2, 0x88, 0x7, 0xfd, 0x60, 0x1,
    0x52, 0x40, 0x4, 0x80, 0x7f, 0xf0, 0x9, 0x0,
    0x13, 0x60, 0x3, 0x30, 0x7, 0xff, 0x7, 0xc0,
    0x6, 0xc0, 0x9, 0x0, 0xff, 0xe1, 0x21, 0x0,
    0x61, 0x50, 0xf, 0xfe, 0x1d, 0x80, 0x69, 0x0,
    0xff, 0xe2, 0x30, 0x80, 0x4c, 0x1, 0xf8,

    /* U+0077 "w" */
    0x9f, 0xf5, 0x0, 0x7f, 0x9b, 0xfd, 0xc0, 0x1f,
    0xe2, 0xff, 0x70, 0x50, 0x1, 0x44, 0x3, 0xfa,
    0x80, 0x2, 0x80, 0x1f, 0xd4, 0x0, 0x70, 0x32,
    0x0, 0x38, 0x7, 0xe2, 0x30, 0xb, 0x80, 0x3f,
    0x98, 0x1, 0x40, 0xa, 0x0, 0x50, 0x7, 0xea,
    0x0, 0xca, 0x1, 0xf9, 0x4, 0x8, 0xc0, 0xc,
    0x0, 0x32, 0x0, 0xf9, 0x80, 0x2, 0x0, 0x60,
    0xf, 0xb8, 0x1, 0x40, 0x10, 0xa0, 0x2, 0x80,
    0x3c, 0x82, 0x5, 0x20, 0xa, 0x0, 0xf9, 0x40,
    0xc, 0x1, 0xb8, 0x0, 0xa0, 0x1e, 0xe0, 0x5,
    0x30, 0x0, 0xc8, 0x3, 0x98, 0x0, 0x82, 0x1,
    0x94, 0x0, 0x46, 0x1, 0x85, 0x40, 0xc, 0x28,
    0x0, 0x50, 0xe, 0xa0, 0x7, 0x0, 0x79, 0x80,
    0x14, 0x1, 0x98, 0x0, 0x82, 0x1e, 0x0, 0xa0,
    0xc, 0x46, 0x2, 0xa0, 0x1e, 0xa0, 0x3, 0x80,
    0x6a, 0x0, 0x78, 0x1, 0x4, 0x8, 0xc0, 0x2a,
    0x0, 0x38, 0x7, 0xc6, 0x40, 0x2a, 0x0, 0x32,
    0x1, 0x40, 0x9, 0x80, 0x14, 0x1, 0x30, 0x2,
    0x80, 0x3f, 0x50, 0x3, 0x80, 0x14, 0x0, 0x60,
    0xd, 0x40, 0x6, 0x0, 0x20, 0x81, 0x18, 0x7,
    0xe6, 0x0, 0x20, 0x83, 0x80, 0x28, 0x3, 0x11,
    0x80, 0x14, 0x38, 0x1, 0x40, 0x1f, 0xc2, 0x80,
    0x7, 0x51, 0x3, 0x20, 0xe, 0xa0, 0x7, 0x2,
    0x80, 0x18, 0x3, 0xfd, 0xc0, 0xa, 0xe0, 0x4,
    0x80, 0x79, 0x80, 0x8, 0xe0, 0x4, 0x10, 0xf,
    0xf2, 0x80, 0xd, 0x0, 0xa, 0x1, 0xf2, 0x80,
    0x20, 0x1, 0xc0, 0x1f, 0xfc, 0x6, 0x0, 0xcc,
    0x1, 0xfb, 0x80, 0x30, 0xa8, 0x7, 0xff, 0x3,
    0x40, 0x35, 0x0, 0x7e, 0x42, 0x0, 0x9c, 0x3,
    0xff, 0x82, 0x84, 0x0, 0x23, 0x0, 0xfe, 0xa0,
    0xa, 0x80, 0x3e,

    /* U+0078 "x" */
    0xb, 0xff, 0x88, 0x3, 0xf1, 0xff, 0xd2, 0x0,
    0xa1, 0x0, 0x78, 0x7, 0xc3, 0xa0, 0x3, 0x90,
    0x0, 0xe8, 0x0, 0xa8, 0x3, 0xd4, 0x20, 0x3a,
    0x1, 0x8e, 0x0, 0xa, 0xc0, 0x19, 0xd0, 0x1,
    0x42, 0x1, 0xce, 0xa0, 0x9, 0x30, 0x2, 0x40,
    0x2, 0x10, 0x3, 0xea, 0x20, 0x7, 0x8, 0xa8,
    0x0, 0x8e, 0x1, 0xfd, 0xe0, 0x2, 0xad, 0x10,
    0x2b, 0x0, 0xff, 0x15, 0x0, 0x10, 0xc0, 0x1e,
    0x1, 0xff, 0xc0, 0x56, 0x0, 0xd4, 0x40, 0x1f,
    0xfc, 0x1a, 0x0, 0x85, 0x0, 0x3f, 0xf8, 0x5c,
    0x1, 0xd, 0x0, 0x7f, 0xf0, 0x68, 0x80, 0x32,
    0x40, 0x7, 0xfc, 0xea, 0x0, 0xa8, 0x0, 0x3a,
    0x0, 0x7f, 0x24, 0x0, 0x19, 0x5d, 0x0, 0x14,
    0x40, 0x1f, 0xd, 0x0, 0xe, 0x40, 0x14, 0x20,
    0x3c, 0x1, 0xf6, 0x88, 0xe, 0x80, 0x43, 0xa0,
    0x3, 0xa0, 0xe, 0x93, 0x0, 0x50, 0x80, 0x63,
    0x80, 0x2, 0xb0, 0x4, 0xac, 0x0, 0x74, 0x0,
    0xf3, 0xa0, 0x2, 0x4c, 0xa, 0x80, 0x9, 0x0,
    0x1f, 0xa8, 0x80, 0x1a, 0x20,

    /* U+0079 "y" */
    0xd, 0xff, 0x58, 0x7, 0xff, 0x1, 0xff, 0xdc,
    0x0, 0xb0, 0x2, 0x18, 0x7, 0xfd, 0x40, 0x9,
    0x0, 0x30, 0x80, 0x24, 0x3, 0xfc, 0xa4, 0x0,
    0x60, 0x9, 0x80, 0xa, 0x20, 0x1f, 0xdc, 0x0,
    0x61, 0x0, 0xa4, 0x2, 0x90, 0xf, 0xc4, 0x80,
    0xb, 0x0, 0xc2, 0xc0, 0x6, 0x0, 0xfd, 0x60,
    0x4, 0x20, 0xe, 0xb0, 0x0, 0xb0, 0x7, 0x85,
    0x80, 0x1e, 0x1, 0xe2, 0x40, 0x5, 0x80, 0x79,
    0x80, 0x4, 0x80, 0x1f, 0x78, 0x0, 0x90, 0x3,
    0xa4, 0x1, 0x0, 0x1f, 0x90, 0x80, 0x1e, 0x1,
    0x94, 0x40, 0x54, 0x3, 0xfa, 0xc0, 0x8, 0x40,
    0x14, 0x80, 0x24, 0x3, 0xfc, 0xc2, 0x0, 0xb0,
    0x1, 0x98, 0x0, 0xc0, 0x1f, 0xf4, 0x80, 0x18,
    0x42, 0x40, 0xc, 0x20, 0x1f, 0xf3, 0x0, 0x4c,
    0x2a, 0x0, 0xb0, 0xf, 0xfe, 0x0, 0xb0, 0x2,
    0x60, 0x0, 0x84, 0x1, 0xff, 0xc1, 0xb0, 0x0,
    0xb0, 0x3, 0xc0, 0x3f, 0xf8, 0x44, 0x80, 0x18,
    0xd0, 0x3, 0xff, 0x87, 0xe0, 0x1a, 0x40, 0x3f,
    0xf8, 0x88, 0x60, 0x1, 0x50, 0xf, 0xfe, 0x29,
    0x0, 0x24, 0x3, 0xff, 0x8a, 0xe2, 0x0, 0x60,
    0xf, 0xf0, 0x80, 0x70, 0xc8, 0x1, 0xc4, 0x3,
    0xfd, 0xb4, 0x60, 0x3, 0xc1, 0x1, 0x90, 0xf,
    0xf2, 0x9a, 0xe7, 0xfb, 0x8, 0x1, 0x62, 0x1,
    0xfe, 0x30, 0xf, 0xd2, 0xa0, 0x1f, 0xf3, 0x6b,
    0x10, 0x0, 0x9b, 0x58, 0x3, 0xff, 0x80,

    /* U+007A "z" */
    0x5f, 0xff, 0xfe, 0x19, 0x0, 0x7f, 0xf1, 0x44,
    0xcf, 0xfc, 0x40, 0x11, 0x11, 0x33, 0x3f, 0xc0,
    0x1b, 0xc0, 0x3f, 0xea, 0x20, 0x5, 0x10, 0x7,
    0xf9, 0xd4, 0x0, 0xea, 0x1, 0xfe, 0x48, 0x0,
    0x24, 0x0, 0x7f, 0x8a, 0x80, 0x5, 0x60, 0x1f,
    0xf7, 0x88, 0xf, 0x80, 0x7f, 0xd4, 0x40, 0xa,
    0x20, 0xf, 0xf3, 0xa8, 0x2, 0x10, 0x3, 0xfc,
    0x90, 0x0, 0x57, 0x0, 0xff, 0x15, 0x80, 0xe,
    0x80, 0x3f, 0xef, 0x0, 0xe, 0x80, 0x7f, 0xd6,
    0x40, 0xa, 0x10, 0xf, 0xf4, 0x20, 0x2, 0x50,
    0x3, 0xfc, 0x8e, 0x1, 0x5e, 0xef, 0xf9, 0x74,
    0x3, 0x11, 0x7f, 0xc6, 0x1, 0xff, 0xc5,

    /* U+007B "{" */
    0x0, 0xe7, 0xcf, 0xf8, 0x3, 0x64, 0x18, 0x7,
    0xa0, 0xc0, 0x21, 0x30, 0x9, 0x40, 0x2c, 0xec,
    0x0, 0x88, 0x0, 0xe6, 0x1, 0xfb, 0x80, 0x38,
    0x40, 0x3f, 0xff, 0xa6, 0x1, 0xd2, 0x1, 0x30,
    0x5, 0xfe, 0x70, 0x1, 0x98, 0x3, 0xe2, 0xd0,
    0xc, 0x64, 0x0, 0x2c, 0x0, 0xd9, 0xb2, 0x0,
    0x24, 0x0, 0xe7, 0x0, 0x84, 0x3, 0xf8, 0xc0,
    0x3f, 0xfe, 0xa2, 0x1, 0xff, 0xc1, 0xf0, 0xf,
    0x10, 0x1, 0x8c, 0x3, 0xa8, 0x2, 0xce, 0xc0,
    0x9, 0xcc, 0x2, 0x13, 0x0, 0xd9, 0x6, 0x1,
    0x0,

    /* U+007C "|" */
    0x3f, 0xf8, 0x3, 0xff, 0xfe, 0x1, 0xff, 0xe9,

    /* U+007D "}" */
    0x5f, 0xf7, 0x5a, 0x0, 0x7e, 0x14, 0xb7, 0x0,
    0xc2, 0x40, 0x1a, 0x8, 0x2, 0x4d, 0xf7, 0x0,
    0xa8, 0x3, 0xd0, 0x20, 0x2, 0x0, 0xf9, 0x40,
    0x2, 0x1, 0xff, 0xff, 0x0, 0xff, 0xe0, 0x38,
    0x7, 0xc4, 0x0, 0x33, 0x0, 0x7a, 0xc0, 0x2c,
    0xf8, 0x0, 0xc5, 0x40, 0x1f, 0xc7, 0x40, 0x11,
    0x78, 0x6, 0xa0, 0xb, 0xb5, 0xc0, 0x31, 0x0,
    0xc, 0x40, 0x3f, 0x9c, 0x3, 0xff, 0xfe, 0x1,
    0xfc, 0xa0, 0x1, 0x0, 0xf4, 0x8, 0x0, 0x80,
    0x24, 0xdf, 0x70, 0xa, 0x80, 0x21, 0x20, 0xd,
    0x4, 0x1, 0xe1, 0x5b, 0x70, 0xc,

    /* U+007E "~" */
    0x0, 0x36, 0x7f, 0x59, 0x80, 0x79, 0xff, 0x42,
    0x24, 0xc0, 0x53, 0x24, 0x3, 0xb0, 0x18, 0xdc,
    0x0, 0x88, 0x0, 0x36, 0x10, 0x1, 0x10, 0x19,
    0x40, 0xc, 0xbb, 0x61, 0x1, 0xed, 0xdc, 0x0,
    0x55, 0x3, 0x18, 0x0, 0xf5, 0x40, 0x8, 0x80,
    0x4, 0x13, 0x1e, 0x0, 0x75, 0x5a, 0x0, 0xe,
    0x9c, 0x0,

    /* U+00A0 " " */

    /* U+00A1 "¡" */
    0x8, 0xed, 0x40, 0x47, 0x12, 0xa0, 0x30, 0x8,
    0x44, 0xa0, 0x11, 0x89, 0x6c, 0x4e, 0x0, 0x9,
    0xd8, 0x3, 0xff, 0x87, 0x3f, 0xe3, 0x0, 0xfc,
    0x60, 0x7, 0x0, 0xe1, 0x0, 0x8, 0x7, 0x38,
    0x0, 0xc0, 0x38, 0x40, 0x2, 0x1, 0xc6, 0x0,
    0xf0, 0xe, 0x10, 0x0, 0x80, 0xc, 0x3, 0xfe,
    0x10, 0x10, 0x9, 0xc0, 0x3e, 0x30, 0x8, 0x40,
    0xe2, 0x2b, 0x0,

    /* U+00A2 "¢" */
    0x0, 0xfe, 0x45, 0x20, 0xf, 0xfe, 0x24, 0xd2,
    0x80, 0x7f, 0xfa, 0x44, 0x1, 0xe0, 0x1f, 0xfc,
    0x1, 0x8d, 0xe2, 0x7, 0xfd, 0x71, 0x0, 0xf9,
    0xf9, 0xc8, 0x3, 0x8a, 0x39, 0x40, 0x3a, 0xa0,
    0x3, 0xc2, 0x1, 0xa9, 0x80, 0x28, 0x50, 0x0,
    0xcf, 0x90, 0x4f, 0xc8, 0x5, 0x24, 0x6, 0xe0,
    0x2, 0xf6, 0x0, 0xe6, 0xd1, 0x15, 0x90, 0x40,
    0x5, 0xe2, 0x1, 0xf1, 0x67, 0x20, 0xa, 0x0,
    0x1c, 0x80, 0x3f, 0x88, 0x2, 0x40, 0xa, 0xc0,
    0x3f, 0xf8, 0x44, 0x1, 0x18, 0x7, 0xff, 0x54,
    0x40, 0x21, 0x0, 0xff, 0xe1, 0x10, 0x4, 0xa0,
    0x1f, 0xfc, 0x24, 0x0, 0xb8, 0x3, 0xff, 0x86,
    0xc0, 0x5, 0x40, 0xf, 0xe6, 0x40, 0xa, 0x4,
    0x1, 0x68, 0x1, 0xf3, 0x4d, 0xd0, 0x80, 0xd0,
    0x5, 0x76, 0x50, 0x7, 0xae, 0x48, 0x1, 0xc4,
    0x0, 0x94, 0x1, 0x25, 0x10, 0x3d, 0x18, 0x0,
    0x7c, 0x3, 0x2e, 0x18, 0x7, 0xf2, 0x79, 0x0,
    0x71, 0xe6, 0x1c, 0xc0, 0x2, 0x8f, 0xb6, 0x20,
    0x1f, 0x8e, 0x30, 0x82, 0x6e, 0x8, 0x3, 0xff,
    0xe2,

    /* U+00A3 "£" */
    0x0, 0xfe, 0x17, 0xbd, 0xff, 0xba, 0xe0, 0xc0,
    0x3f, 0x86, 0xba, 0x10, 0x80, 0x21, 0x47, 0xcd,
    0x40, 0xf, 0x1f, 0xa8, 0x7, 0xfc, 0x44, 0x0,
    0xe2, 0xc1, 0x0, 0xb, 0xd6, 0x6e, 0x53, 0x98,
    0x1, 0xc0, 0x3b, 0x80, 0x26, 0xe8, 0x53, 0x23,
    0x58, 0xcd, 0x91, 0x0, 0xc8, 0x60, 0x5, 0x90,
    0xf, 0xe2, 0x60, 0xe, 0xe0, 0xa, 0xc0, 0x3f,
    0xf8, 0xae, 0x0, 0x31, 0x0, 0xff, 0xe2, 0x90,
    0x1, 0x40, 0x3f, 0xfd, 0xca, 0xb8, 0x2, 0x25,
    0x5f, 0xe0, 0xe, 0xba, 0xa8, 0x2, 0x4a, 0xaf,
    0xe2, 0x0, 0xff, 0xe7, 0x77, 0xfc, 0x1, 0x37,
    0xff, 0xf1, 0x0, 0x7f, 0xff, 0xc0, 0x3f, 0xfe,
    0x22, 0x38, 0x3, 0x8, 0xff, 0xf0, 0x43, 0xfb,
    0xa0, 0x9, 0xbb, 0xbf, 0xf8, 0x24, 0x1, 0xff,
    0xe0,

    /* U+00A4 "¤" */
    0x2, 0x40, 0xf, 0xfe, 0x29, 0xa0, 0x0, 0xb2,
    0xd4, 0x3, 0xff, 0x86, 0x7b, 0x66, 0x10, 0x21,
    0x4a, 0x1, 0x24, 0xde, 0x5c, 0xa8, 0x4, 0x78,
    0x21, 0xe1, 0x48, 0x0, 0xa6, 0x5e, 0xb6, 0x43,
    0x46, 0xaf, 0x84, 0xc0, 0x1, 0x68, 0x2, 0xd0,
    0x1, 0x34, 0x20, 0x1f, 0x9e, 0xc0, 0x5, 0x82,
    0x1, 0x5a, 0x0, 0x63, 0xad, 0xfe, 0xb5, 0x0,
    0xc5, 0x82, 0x1, 0xc4, 0x1, 0x56, 0x29, 0x0,
    0xa5, 0x61, 0x0, 0x4, 0x40, 0x1c, 0x4c, 0x0,
    0xb5, 0x0, 0xf8, 0xf0, 0x40, 0xd8, 0x3, 0xac,
    0x0, 0xe8, 0x1, 0xfc, 0x34, 0x0, 0xb0, 0xe,
    0x70, 0x4, 0x80, 0x7f, 0xc8, 0x60, 0x42, 0x1,
    0x8, 0x80, 0x84, 0x3, 0xff, 0x80, 0x80, 0x5,
    0x0, 0x8c, 0x0, 0xc0, 0x1f, 0xfc, 0x1e, 0x0,
    0x8, 0x4, 0x60, 0x7, 0x0, 0xff, 0xe0, 0xf0,
    0x7, 0x84, 0x40, 0x60, 0x1f, 0xfc, 0x13, 0x0,
    0x38, 0x6, 0x40, 0x3, 0x80, 0x7f, 0xc4, 0x80,
    0x24, 0x1, 0xa4, 0x1, 0x4, 0x1, 0xfe, 0xe0,
    0x4, 0x80, 0x71, 0xa0, 0x3, 0xcc, 0x3, 0xe1,
    0xb3, 0x2, 0x70, 0xf, 0x60, 0x0, 0xb2, 0x8,
    0x2, 0x17, 0xf4, 0x0, 0x38, 0x7, 0x9a, 0x0,
    0x33, 0xef, 0x6f, 0x72, 0x4, 0x2, 0x59, 0x0,
    0xcf, 0x20, 0x4, 0x60, 0x8, 0x48, 0x40, 0x24,
    0x60, 0x3, 0x48, 0x1, 0xe0, 0x0, 0xb7, 0x3a,
    0xe6, 0x20, 0x3, 0x6c, 0xb9, 0x70, 0x3, 0x50,
    0x10, 0x1, 0x68, 0x0, 0x51, 0x9d, 0xfe, 0xc9,
    0x30, 0x4, 0x38, 0x0, 0x81, 0x65, 0x68, 0x3,
    0xff, 0x87, 0x10, 0x68, 0x0, 0x35, 0x0, 0x7f,
    0xf1, 0x5e, 0x40, 0x0,

    /* U+00A5 "¥" */
    0xc, 0xff, 0x70, 0x80, 0x7f, 0xf1, 0x1f, 0xfe,
    0x30, 0xe0, 0x0, 0xd0, 0x7, 0xff, 0xc, 0xa0,
    0x0, 0xe6, 0x5, 0x40, 0x4, 0x70, 0xf, 0xfe,
    0x17, 0x80, 0xe, 0x0, 0x25, 0x50, 0x2, 0xc,
    0x3, 0xff, 0x81, 0x24, 0x0, 0xe0, 0xe, 0xa2,
    0x0, 0x70, 0x7, 0xfc, 0x8c, 0x0, 0x92, 0x0,
    0xf7, 0x0, 0xa, 0x40, 0x3f, 0x86, 0x80, 0xa,
    0xc0, 0x1f, 0x1c, 0x0, 0x19, 0x40, 0x3f, 0x50,
    0x80, 0xd8, 0x7, 0xf3, 0x98, 0x2, 0xc4, 0x3,
    0xce, 0x80, 0xa, 0x10, 0xf, 0xf6, 0x88, 0xd,
    0x0, 0x71, 0xc0, 0x1, 0xd0, 0x3, 0xfe, 0x1b,
    0x0, 0x23, 0x80, 0x6e, 0x0, 0x1c, 0x0, 0x7f,
    0xf0, 0x55, 0x40, 0x8, 0x30, 0x4, 0x90, 0x3,
    0x80, 0x3f, 0xf8, 0x74, 0x40, 0xe, 0x5, 0x60,
    0x4, 0x90, 0x7, 0xff, 0x13, 0x80, 0x5, 0x56,
    0x0, 0x56, 0x0, 0xff, 0xe2, 0x9b, 0x80, 0x14,
    0x40, 0x6c, 0x3, 0xff, 0x83, 0x5f, 0xfc, 0xe0,
    0x1c, 0x3d, 0xff, 0xc2, 0x1, 0xff, 0xd6, 0xaf,
    0xff, 0x70, 0x4, 0xff, 0xff, 0x8, 0x7, 0xff,
    0xc6, 0xbf, 0xfd, 0xc0, 0x13, 0xff, 0xfc, 0x20,
    0x1f, 0xfd, 0x6a, 0xff, 0xf7, 0x0, 0x4f, 0xff,
    0xf0, 0x80, 0x7f, 0xff, 0xc0, 0x3f, 0x80,

    /* U+00A6 "¦" */
    0x3f, 0xf8, 0x3, 0xff, 0xc0, 0x53, 0x30, 0xb3,
    0x40, 0x1f, 0xfc, 0xc1, 0x66, 0x8a, 0x66, 0x0,
    0xff, 0xf0, 0x0,

    /* U+00A7 "§" */
    0x0, 0xe1, 0x7b, 0xef, 0xf7, 0x64, 0xa8, 0x7,
    0xa3, 0xa1, 0x4, 0x0, 0x26, 0xd5, 0xee, 0x1,
    0x53, 0x80, 0x44, 0x66, 0x20, 0xd, 0xa0, 0x5,
    0x50, 0x2, 0x3b, 0x73, 0x1b, 0xf8, 0xc1, 0x20,
    0xe, 0x0, 0x43, 0x88, 0x7, 0x1c, 0xe9, 0x80,
    0x18, 0x0, 0x80, 0x1f, 0xc4, 0x1, 0xe5, 0x0,
    0xff, 0xe0, 0xa0, 0x2, 0x10, 0x3, 0xff, 0x81,
    0x60, 0x1, 0xbd, 0x83, 0x0, 0xfe, 0x2a, 0x0,
    0x89, 0xf3, 0xed, 0x84, 0x3, 0x8e, 0xc0, 0x3e,
    0x49, 0xe7, 0x0, 0xda, 0x20, 0xbd, 0xf6, 0xe6,
    0x1, 0x44, 0x80, 0x18, 0x40, 0xe8, 0x41, 0x23,
    0x35, 0x40, 0xc, 0x81, 0xe0, 0xa, 0x0, 0xf1,
    0x52, 0x80, 0x34, 0xc, 0x3, 0xfe, 0xf0, 0x1,
    0x1, 0x0, 0x2c, 0x3, 0xf1, 0x80, 0x4, 0x28,
    0x0, 0x5a, 0xc2, 0x1, 0xd6, 0x0, 0xf0, 0x2a,
    0x0, 0x14, 0xf6, 0x42, 0x23, 0x48, 0xd, 0x40,
    0xb, 0x88, 0x1, 0x1b, 0xdd, 0x88, 0xf, 0x40,
    0x31, 0xdf, 0x4a, 0x88, 0x7, 0x58, 0x80, 0x78,
    0x5a, 0xbb, 0x1c, 0x40, 0x10, 0xa0, 0x1f, 0xe3,
    0x8e, 0x30, 0x7, 0x0, 0x7f, 0xf0, 0x7c, 0x0,
    0xa0, 0x1f, 0xfc, 0x11, 0x0, 0xe3, 0xd3, 0x0,
    0xfd, 0x60, 0x5, 0x0, 0x49, 0x66, 0x1c, 0xc4,
    0x5, 0x2d, 0x80, 0x1e, 0x0, 0x60, 0x1, 0xc6,
    0x77, 0xf5, 0xa0, 0x1, 0xd0, 0x1, 0x92, 0x40,
    0x1f, 0x86, 0x60, 0x3, 0x36, 0xea, 0x59, 0x51,
    0x5e, 0xf9, 0x80, 0x20,

    /* U+00A8 "¨" */
    0x5, 0x94, 0x0, 0xcf, 0x22, 0x74, 0xd6, 0x20,
    0x8, 0x83, 0x6b, 0x0, 0x44, 0x0, 0x10, 0x1,
    0x2a, 0x81, 0x8c, 0x1, 0x64, 0x36,

    /* U+00A9 "©" */
    0x0, 0xfc, 0x2d, 0x5b, 0xff, 0x6d, 0x30, 0x80,
    0x7f, 0xf0, 0x86, 0x7a, 0x54, 0x55, 0x94, 0x56,
    0x7a, 0x44, 0x3, 0xfe, 0x5f, 0x64, 0xbf, 0xca,
    0x9a, 0xcf, 0xb4, 0x6f, 0x40, 0xf, 0xe7, 0xa0,
    0xbb, 0x20, 0x7, 0xc9, 0x76, 0xb, 0x60, 0xf,
    0x9a, 0xf, 0xd0, 0x3, 0xfe, 0x4f, 0x39, 0x50,
    0xe, 0x29, 0x2d, 0x10, 0x9, 0x2b, 0x7f, 0xb1,
    0xc4, 0x0, 0x3a, 0x54, 0x20, 0x1a, 0x43, 0x84,
    0x0, 0x39, 0x6a, 0x40, 0x27, 0x1e, 0xa0, 0x1,
    0xe0, 0xb0, 0x8, 0xd1, 0x8c, 0x0, 0x3e, 0x60,
    0x2d, 0x30, 0x80, 0x34, 0x80, 0x3, 0x55, 0x10,
    0x2, 0x82, 0xc0, 0x2a, 0x10, 0x5e, 0x96, 0x7b,
    0xb0, 0x22, 0x80, 0x52, 0x14, 0x0, 0x72, 0x20,
    0x0, 0xd0, 0xe, 0x80, 0x39, 0x36, 0xc4, 0x2,
    0x31, 0x40, 0x11, 0x20, 0x5, 0x60, 0x8, 0x0,
    0xf8, 0x80, 0x3c, 0xa6, 0x4, 0x1c, 0x1, 0x10,
    0x1, 0x0, 0x3f, 0xf8, 0x44, 0x2, 0xe0, 0x20,
    0x13, 0x0, 0x7f, 0xf2, 0x1c, 0x4, 0x2, 0x60,
    0xf, 0xfe, 0x41, 0x7, 0x0, 0x44, 0x0, 0x40,
    0xf, 0xfe, 0x12, 0x80, 0x8c, 0x80, 0x15, 0x0,
    0x20, 0x3, 0xe2, 0x0, 0xf1, 0x98, 0x0, 0xe4,
    0x40, 0x1, 0x20, 0x1d, 0x0, 0x72, 0x6d, 0x88,
    0x4, 0xa1, 0x60, 0xa, 0xb, 0x0, 0xa8, 0x41,
    0x7a, 0x5d, 0xd7, 0x60, 0x45, 0x0, 0xa4, 0x18,
    0x0, 0x68, 0xc6, 0x0, 0x1f, 0x30, 0x16, 0x88,
    0x20, 0xd, 0x20, 0x1, 0x4d, 0x84, 0x2, 0x90,
    0xe1, 0x0, 0xe, 0x5a, 0x90, 0x9, 0xc7, 0xa8,
    0x0, 0xac, 0x60, 0x3, 0x14, 0x96, 0x88, 0x4,
    0x95, 0xbf, 0xd8, 0xe2, 0x0, 0x2c, 0x1d, 0x10,
    0xe, 0x68, 0x3c, 0x40, 0xf, 0xf9, 0x74, 0x68,
    0xc0, 0x3e, 0x7a, 0x3b, 0xb2, 0x0, 0x7c, 0xb9,
    0x45, 0x8a, 0x1, 0xfc, 0xbe, 0xc9, 0x7f, 0x95,
    0x35, 0x9f, 0x44, 0xfa, 0x60, 0x1f, 0xf0, 0xcf,
    0x4a, 0x8a, 0xb2, 0x8a, 0xd7, 0x40, 0x7, 0xc0,

    /* U+00AA "ª" */
    0x0, 0x35, 0x77, 0xfb, 0x64, 0x40, 0x3, 0xd2,
    0xa2, 0x20, 0x26, 0xe3, 0x1, 0x25, 0xbf, 0xef,
    0xa0, 0x7, 0x80, 0x32, 0x90, 0x2, 0x57, 0x3,
    0x10, 0xf, 0xda, 0x0, 0x30, 0x19, 0xdf, 0xfd,
    0x40, 0x1, 0x2f, 0x63, 0x57, 0x79, 0x40, 0x2a,
    0x11, 0x7d, 0x44, 0x5c, 0x1, 0x10, 0x10, 0x80,
    0x63, 0x0, 0xb0, 0xd, 0xc4, 0xa, 0x20, 0x1,
    0x33, 0x2, 0x3b, 0xf5, 0xd8, 0x3, 0x4e, 0xcb,
    0xba, 0x7a, 0x59, 0x84,

    /* U+00AB "«" */
    0x0, 0xe3, 0x99, 0x38, 0x4, 0x93, 0x26, 0x0,
    0xc3, 0xac, 0xc4, 0x0, 0x15, 0xb3, 0x10, 0x3,
    0x50, 0x84, 0x18, 0x3, 0x80, 0x14, 0x40, 0x14,
    0x20, 0x23, 0x80, 0x24, 0xc1, 0x94, 0x2, 0x47,
    0x1, 0xa0, 0x2, 0xb0, 0x14, 0x80, 0x43, 0x40,
    0xd, 0x10, 0x2a, 0x0, 0x78, 0x6, 0xd1, 0x8,
    0x30, 0x7, 0x80, 0x24, 0x80, 0x22, 0x30, 0x2,
    0x80, 0xc, 0x80, 0xe, 0x1, 0x8a, 0x80, 0x1e,
    0x0, 0x38, 0x0, 0x68, 0x7, 0x2b, 0x1, 0x50,
    0x1, 0xd0, 0xe, 0x0, 0x3a, 0x4c, 0x15, 0x80,
    0x14, 0x40, 0xe8, 0x1, 0xdc, 0x21, 0x24, 0x3,
    0xc0, 0xa, 0x10, 0xc, 0x54, 0x0, 0xf0, 0x1,
    0xc8, 0xe, 0x80, 0x72, 0x38, 0x15, 0x0, 0x19,
    0x40, 0xe0,

    /* U+00AC "¬" */
    0x7c, 0xcf, 0xfe, 0x1b, 0x71, 0x9f, 0xff, 0xf,
    0x80, 0x3f, 0xf8, 0xb3, 0xff, 0xff, 0xc0, 0x70,
    0xf, 0xff, 0xf8, 0x7, 0xff, 0x3b, 0x1d, 0xd8,

    /* U+00AD "­" */
    0xef, 0xff, 0xd6, 0x20, 0x1f, 0xfc, 0x70,

    /* U+00AE "®" */
    0x0, 0xfc, 0x2d, 0x5b, 0xff, 0x6d, 0x30, 0x80,
    0x7f, 0xf0, 0x86, 0x7a, 0x54, 0x55, 0x94, 0x56,
    0x7a, 0x44, 0x3, 0xfe, 0x5f, 0x64, 0xbf, 0xca,
    0x9a, 0xcf, 0xb4, 0x6f, 0x40, 0xf, 0xe7, 0xa0,
    0xbb, 0x20, 0x7, 0xc9, 0x76, 0xb, 0x60, 0xf,
    0x9a, 0xf, 0xd0, 0x3, 0xfe, 0x4f, 0x39, 0x50,
    0xe, 0x29, 0x2d, 0x10, 0xaf, 0xff, 0x6d, 0x18,
    0x0, 0x74, 0xa8, 0x40, 0x34, 0x87, 0x8, 0x7,
    0xf1, 0x2e, 0x38, 0x0, 0x78, 0x2c, 0x2, 0x34,
    0x63, 0x0, 0xe4, 0xff, 0xba, 0xcc, 0x21, 0x0,
    0x6, 0xaa, 0x20, 0x5, 0x5, 0x80, 0x7f, 0x85,
    0x30, 0x83, 0xc0, 0x29, 0xa, 0x0, 0x39, 0x10,
    0x3, 0xff, 0x82, 0xa0, 0xc0, 0x11, 0x8a, 0x0,
    0x89, 0x0, 0x3f, 0xf9, 0x2a, 0x60, 0x41, 0xc0,
    0x1f, 0xfc, 0x25, 0x6, 0x0, 0xc4, 0x2, 0xe0,
    0x20, 0x1f, 0xfc, 0x3, 0xc2, 0xf, 0x0, 0xf9,
    0xc0, 0x40, 0x3e, 0x4f, 0xfd, 0x86, 0xe, 0x80,
    0x1f, 0x10, 0x70, 0x7, 0xff, 0xa, 0xe0, 0x3,
    0x94, 0x4, 0x64, 0x0, 0xf8, 0xff, 0xee, 0x10,
    0xc0, 0xf, 0x19, 0x80, 0xe, 0x44, 0x0, 0xff,
    0xd, 0x83, 0x90, 0x6, 0x50, 0xb0, 0x5, 0x5,
    0x80, 0x7f, 0xca, 0xa0, 0xe0, 0xd, 0x20, 0xc0,
    0x3, 0x46, 0x30, 0xf, 0xfa, 0xc4, 0xdc, 0x0,
    0xa6, 0xc2, 0x1, 0x48, 0x70, 0x80, 0x31, 0xa8,
    0x3, 0x86, 0x9b, 0xc0, 0xac, 0x60, 0x3, 0x14,
    0x96, 0x88, 0x34, 0xb0, 0x7, 0x92, 0x60, 0xb0,
    0x74, 0x40, 0x39, 0xa0, 0xf1, 0x0, 0x3f, 0xe5,
    0xd1, 0xa3, 0x0, 0xf9, 0xe8, 0xee, 0xc8, 0x1,
    0xf2, 0xe5, 0x16, 0x28, 0x7, 0xf2, 0xfb, 0x25,
    0xfe, 0x54, 0xd6, 0x7d, 0x13, 0xe9, 0x80, 0x7f,
    0xc3, 0x3d, 0x2a, 0x2a, 0xca, 0x2b, 0x5d, 0x0,
    0x1f, 0x0,

    /* U+00AF "¯" */
    0x2, 0x2f, 0xf8, 0x45, 0xbb, 0xff, 0x58, 0x7,
    0xff, 0x4,

    /* U+00B0 "°" */
    0x0, 0x85, 0xef, 0x6d, 0xc4, 0x3, 0x93, 0xe1,
    0x9, 0x23, 0x94, 0x2, 0x2b, 0x16, 0xdf, 0xd7,
    0xa, 0x30, 0x7, 0x4, 0x49, 0x1, 0x44, 0x3,
    0x80, 0x8c, 0x5c, 0x3, 0x9c, 0x48, 0xd8, 0x10,
    0x3, 0xe4, 0x5, 0x10, 0xf, 0xfe, 0x3, 0x82,
    0x0, 0x7c, 0xe0, 0x45, 0xb, 0x0, 0x73, 0x10,
    0xa0, 0x48, 0x4b, 0x88, 0x1, 0xe4, 0x2c, 0x0,
    0x92, 0x11, 0xdc, 0xf8, 0x8, 0x50, 0x9, 0xb5,
    0x88, 0x44, 0xb8, 0xe0, 0x0,

    /* U+00B1 "±" */
    0x0, 0xfb, 0xfe, 0x0, 0xff, 0xff, 0x80, 0x7f,
    0xf1, 0x5f, 0x33, 0xc0, 0x16, 0x67, 0x9b, 0x8c,
    0xfc, 0x1, 0x19, 0xfb, 0x80, 0x3f, 0xf8, 0xb3,
    0xff, 0xe0, 0xb, 0xff, 0xd0, 0x1, 0xff, 0xff,
    0x0, 0xff, 0xe2, 0xee, 0xc0, 0x1f, 0xfc, 0x22,
    0x28, 0x3, 0xff, 0xba, 0xfb, 0xbf, 0xfc, 0x37,
    0xe2, 0x2f, 0xfe, 0x1f, 0x80, 0x7f, 0xf1, 0x40,

    /* U+00B2 "²" */
    0x0, 0x2d, 0x6f, 0xfb, 0xad, 0x40, 0x22, 0xda,
    0x52, 0x0, 0xa, 0x55, 0x80, 0x20, 0x81, 0xaf,
    0x31, 0x46, 0x9, 0x1, 0x4f, 0xb2, 0x86, 0x65,
    0xc2, 0x6, 0x0, 0x41, 0x0, 0x79, 0x0, 0x40,
    0x3f, 0xc8, 0x6, 0x1, 0xfd, 0x4, 0x10, 0x1,
    0xfa, 0x5c, 0x1d, 0x0, 0x3e, 0xa6, 0x7, 0x80,
    0xf, 0xe, 0x28, 0x4c, 0x0, 0x78, 0xb0, 0xc2,
    0xd8, 0x3, 0xc7, 0x84, 0x38, 0x80, 0x1e, 0x5c,
    0x11, 0x69, 0x8, 0xf9, 0x28, 0x0, 0x39, 0xdd,
    0xea, 0x10, 0xf, 0xfe, 0x0,

    /* U+00B3 "³" */
    0x9, 0xff, 0xff, 0x80, 0x3f, 0xf8, 0x22, 0x0,
    0x9e, 0xef, 0x90, 0x1, 0xa0, 0x10, 0x8f, 0xa1,
    0x2, 0xcc, 0x3, 0xf4, 0x30, 0x52, 0x0, 0x7e,
    0x77, 0x5, 0x28, 0x7, 0xe3, 0x80, 0x7, 0x41,
    0x0, 0x7c, 0xc0, 0x12, 0x3e, 0xb0, 0x7, 0x97,
    0xfb, 0x64, 0x82, 0x4c, 0x3, 0xe1, 0x26, 0xc0,
    0x5, 0x0, 0x7f, 0x84, 0x80, 0x80, 0x98, 0x3,
    0xe2, 0x20, 0x18, 0x44, 0xec, 0x21, 0x92, 0x46,
    0x0, 0x28, 0x8, 0x9, 0xef, 0x36, 0xdc, 0x45,
    0x64, 0x11, 0xd0, 0x82, 0x0, 0x13, 0x8f, 0x40,

    /* U+00B4 "´" */
    0x0, 0xc5, 0x11, 0x38, 0x6, 0x2c, 0x77, 0x2a,
    0x0, 0x47, 0xa2, 0xb, 0xa6, 0x0, 0x4c, 0x0,
    0x4d, 0x0, 0x4d, 0x60, 0x5a, 0xc0, 0x18,

    /* U+00B5 "µ" */
    0xbf, 0xf5, 0x80, 0x7f, 0x8f, 0xfe, 0x30, 0xf,
    0xff, 0xf8, 0x7, 0xff, 0xfc, 0x3, 0xff, 0xae,
    0xe0, 0x1f, 0x38, 0x7, 0xf8, 0x80, 0x3e, 0x30,
    0xf, 0xf6, 0x0, 0x7e, 0x40, 0xf, 0xc2, 0xa0,
    0x1f, 0xa4, 0x3, 0xe1, 0xd0, 0xf, 0xe2, 0xd4,
    0x0, 0xcb, 0x86, 0x1, 0xfe, 0x2b, 0xfd, 0xef,
    0xa2, 0x6, 0x0, 0xf8, 0xd0, 0x2, 0x21, 0x0,
    0x9a, 0x40, 0x3e, 0x7b, 0xb2, 0x88, 0x0, 0x9b,
    0x24, 0x3, 0xfc, 0x95, 0xdf, 0xed, 0x93, 0x0,
    0x7f, 0xc6, 0x1, 0xff, 0xff, 0x0, 0xff, 0xed,
    0x80,

    /* U+00B6 "¶" */
    0x0, 0xc7, 0x39, 0xdf, 0xff, 0xf4, 0x0, 0x6,
    0xb1, 0x8c, 0x40, 0x3f, 0xf8, 0x23, 0x8a, 0x1,
    0xf2, 0xaf, 0x18, 0x6, 0x82, 0x0, 0xfd, 0x55,
    0xd2, 0x1, 0x98, 0x3, 0xff, 0x8c, 0x60, 0x1f,
    0xfc, 0x77, 0x0, 0xff, 0xe3, 0xb8, 0x7, 0xff,
    0x1c, 0xc4, 0x3, 0xff, 0x8f, 0x20, 0x1f, 0xfc,
    0x77, 0x50, 0xf, 0xfe, 0x3d, 0x48, 0x80, 0x7f,
    0xf1, 0x9b, 0xae, 0x18, 0x40, 0x3f, 0xf8, 0x88,
    0xf2, 0x60, 0x1f, 0xff, 0xf0, 0xf, 0xff, 0xf8,
    0x7, 0xff, 0xfc, 0x3, 0xff, 0xfe, 0x1, 0xff,
    0xc7, 0x55, 0x80, 0x39, 0x95, 0x5a,

    /* U+00B7 "·" */
    0x7, 0xcb, 0x30, 0x58, 0x34, 0xd0, 0xc0, 0x8,
    0x4b, 0xc0, 0x31, 0x33, 0x4, 0xac, 0x0,

    /* U+00B8 "¸" */
    0x0, 0x97, 0xe8, 0x3, 0xd8, 0x1e, 0x1, 0xe4,
    0xb, 0xa2, 0x0, 0xd4, 0xe0, 0xb8, 0x1, 0x9e,
    0x30, 0x5, 0x1, 0x4, 0x0, 0x80, 0x1a, 0xbb,
    0xfd, 0x20, 0x68, 0x2c, 0x40, 0x27, 0x18, 0x0,

    /* U+00B9 "¹" */
    0xc, 0xff, 0xea, 0x0, 0xff, 0xe2, 0xef, 0x74,
    0x20, 0x1f, 0x8, 0xe0, 0xf, 0xff, 0xf8, 0x7,
    0xff, 0x44, 0x47, 0x0, 0x42, 0x30, 0xf, 0x76,
    0x10, 0x5e, 0xe9, 0x40, 0x3f, 0xf8, 0x0,

    /* U+00BA "º" */
    0x0, 0x96, 0xfb, 0xfa, 0xd4, 0x3, 0xd, 0xd2,
    0x8, 0xa, 0x55, 0x88, 0x2, 0x90, 0x1f, 0x7b,
    0x5c, 0x12, 0x81, 0x10, 0x13, 0x4, 0x25, 0x14,
    0x8, 0xbc, 0x4, 0xc0, 0x1c, 0xa6, 0x1e, 0xc0,
    0x80, 0x1f, 0x20, 0x38, 0x7, 0xf8, 0x40, 0xc,
    0x8, 0x1, 0xf2, 0x83, 0xf0, 0x13, 0x0, 0x73,
    0x18, 0x72, 0x20, 0x26, 0x46, 0x27, 0x32, 0x4,
    0x40, 0x5a, 0x3, 0x67, 0x63, 0x2, 0x50, 0x5,
    0x74, 0x82, 0x2, 0x95, 0x62, 0x0,

    /* U+00BB "»" */
    0x59, 0x92, 0x80, 0x4d, 0x32, 0x40, 0xe, 0x47,
    0x6a, 0x30, 0x3, 0xb9, 0xac, 0x80, 0x30, 0xe8,
    0x3, 0x44, 0x6, 0x80, 0x1e, 0x1, 0xc7, 0x0,
    0x34, 0x0, 0x47, 0x2, 0xa0, 0xe, 0x74, 0x4,
    0x80, 0x4, 0x18, 0x2b, 0x0, 0x75, 0x8, 0x3a,
    0x0, 0x38, 0x42, 0x4c, 0x3, 0xd, 0x0, 0x28,
    0x40, 0xac, 0x1, 0xc2, 0x1, 0x90, 0x40, 0x50,
    0x0, 0x80, 0x2, 0x20, 0x6, 0xa1, 0x6, 0x50,
    0x5, 0x0, 0x1c, 0xc0, 0x26, 0x50, 0x39, 0x0,
    0x3a, 0x2, 0x40, 0x4, 0x72, 0x3, 0xc0, 0x4,
    0x80, 0x1a, 0x0, 0xdc, 0x0, 0xa2, 0x1, 0xa0,
    0x6, 0x88, 0x5, 0x44, 0xe, 0x80, 0xa, 0x10,
    0x83, 0x0, 0x99, 0x40, 0xe0, 0x0, 0xe8, 0xa,
    0xe0, 0x18,

    /* U+00BC "¼" */
    0x0, 0x8, 0xf0, 0x7, 0xff, 0x14, 0x44, 0x1,
    0xfe, 0xce, 0xee, 0xa0, 0xf, 0xfe, 0x1c, 0x77,
    0xc, 0x3, 0xff, 0xa4, 0x8e, 0x10, 0x60, 0x1f,
    0xd9, 0xff, 0x8, 0x7, 0xff, 0xc, 0x68, 0xd,
    0xc0, 0x3f, 0xfa, 0x56, 0x21, 0xc0, 0x1f, 0xfd,
    0x25, 0x50, 0x49, 0x0, 0x7f, 0xf4, 0x46, 0xc1,
    0x58, 0x3, 0xff, 0xa5, 0x42, 0x2b, 0x0, 0xff,
    0xe9, 0x3a, 0x5, 0x8, 0x7, 0xff, 0x44, 0xa0,
    0x19, 0x0, 0x3f, 0xfa, 0x5e, 0x5, 0x20, 0x1e,
    0x26, 0x61, 0x0, 0x7f, 0xf2, 0x20, 0x83, 0x80,
    0x3e, 0xf9, 0xb2, 0x0, 0xff, 0xe3, 0xa3, 0x84,
    0x18, 0x7, 0xa8, 0x83, 0xc0, 0x38, 0x7f, 0xf0,
    0x82, 0xff, 0xca, 0x0, 0x1a, 0x3, 0x70, 0xf,
    0x32, 0x84, 0x90, 0x7, 0xff, 0x1e, 0xc4, 0x38,
    0x3, 0xc5, 0x20, 0xac, 0x1, 0xe1, 0xff, 0xff,
    0x28, 0x2a, 0x82, 0x48, 0x3, 0xde, 0x5, 0x40,
    0x1f, 0xfc, 0x71, 0xa0, 0x56, 0x0, 0xf5, 0x10,
    0x70, 0x0, 0xcc, 0x20, 0x1f, 0xfc, 0x3a, 0x1,
    0xb0, 0xf, 0x2a, 0x82, 0x4c, 0x1, 0x98, 0x40,
    0xf, 0xfe, 0x13, 0xa0, 0x50, 0x80, 0x71, 0x50,
    0x2b, 0x0, 0x7f, 0xf1, 0xca, 0x1, 0x90, 0x3,
    0xde, 0x3, 0x62, 0x38, 0x0, 0x62, 0x20, 0xf,
    0xfb, 0xc0, 0xa4, 0x3, 0xcc, 0x40, 0x3d, 0xdc,
    0x0, 0x9e, 0xe2, 0x0, 0x7f, 0x41, 0x7, 0x0,
    0x7c, 0x20, 0x1f, 0xfc, 0xa4, 0x70, 0x83, 0x0,
    0xf9, 0xff, 0xfe, 0xd0, 0x5, 0x7f, 0x90, 0x3,
    0xe1, 0xa0, 0x37, 0x0, 0xff, 0xe9, 0x58, 0x87,
    0x0, 0x7f, 0xf4, 0x84, 0x9e, 0xc8, 0x3, 0xff,
    0x8a, 0x6e, 0xf0, 0x4,

    /* U+00BD "½" */
    0xc, 0xff, 0xea, 0x0, 0xff, 0xe1, 0xc7, 0xf8,
    0xc0, 0x3f, 0xfa, 0x26, 0xe0, 0xe6, 0x1, 0xfb,
    0x3b, 0xa1, 0x0, 0xff, 0xe2, 0x70, 0x14, 0x0,
    0x7f, 0x84, 0x60, 0xf, 0xfe, 0x24, 0x90, 0x70,
    0x7, 0xff, 0x45, 0x18, 0x20, 0xc0, 0x3f, 0xfa,
    0x34, 0x6, 0xe0, 0x1f, 0xfd, 0x1a, 0x10, 0xe0,
    0xf, 0xfe, 0x8a, 0xa8, 0x24, 0x80, 0x3f, 0xfa,
    0x3, 0x60, 0x8c, 0x1, 0xff, 0xd1, 0xa1, 0x15,
    0x0, 0x7f, 0xf4, 0x59, 0x2, 0xc4, 0x0, 0xf7,
    0xdf, 0xed, 0xa3, 0x0, 0xff, 0xe3, 0xc, 0x82,
    0xa8, 0x13, 0xa1, 0x4, 0x0, 0x4b, 0x90, 0x1,
    0xff, 0xc5, 0xa0, 0x1b, 0x0, 0x50, 0x83, 0xe6,
    0xe4, 0x88, 0x3a, 0x0, 0xff, 0xe1, 0x5, 0xff,
    0x94, 0x0, 0xe8, 0x14, 0x20, 0xc, 0x4e, 0x83,
    0x23, 0x6f, 0x0, 0x70, 0x7, 0xff, 0x8, 0xa0,
    0x19, 0x0, 0x22, 0xb1, 0x0, 0xe1, 0x20, 0x10,
    0x1f, 0xff, 0xf2, 0x87, 0x1, 0x48, 0x7, 0xff,
    0x0, 0x48, 0x30, 0x3, 0xff, 0x83, 0x6, 0x1c,
    0x1, 0xff, 0xc1, 0xd0, 0x3, 0x0, 0x7f, 0xf0,
    0xd, 0xc1, 0xcc, 0x3, 0xfe, 0x1c, 0x30, 0xb1,
    0x0, 0xff, 0xe0, 0x70, 0x14, 0x0, 0x7f, 0xc3,
    0x86, 0x14, 0x80, 0x1f, 0xfc, 0x9, 0x20, 0xf0,
    0xf, 0xf8, 0xfc, 0x87, 0x14, 0x3, 0xff, 0x80,
    0x8c, 0x10, 0x40, 0x1f, 0xe4, 0xc1, 0x2c, 0x30,
    0xf, 0xfe, 0x0, 0xd0, 0x1b, 0x80, 0x7f, 0x9a,
    0xc0, 0xf0, 0x80, 0x3f, 0xf8, 0x36, 0x21, 0xc0,
    0x1f, 0xe8, 0x90, 0x4d, 0x1, 0x1e, 0x0, 0xfc,
    0xaa, 0x9, 0x20, 0xf, 0xe7, 0x70, 0x1, 0x3b,
    0xbe, 0x60, 0xf, 0xd, 0x82, 0x30, 0x7, 0xfb,
    0x80, 0x3f, 0xf8, 0x0,

    /* U+00BE "¾" */
    0x0, 0x8, 0xff, 0xc0, 0x1f, 0xfc, 0x11, 0x10,
    0x7, 0xfa, 0x7b, 0xbf, 0xe0, 0xf, 0xfe, 0x4,
    0x77, 0xc, 0x3, 0xff, 0x90, 0x20, 0x1f, 0xf2,
    0x38, 0x41, 0x80, 0x7f, 0x4f, 0xff, 0xc8, 0x3,
    0x80, 0x1f, 0xe1, 0xa0, 0x37, 0x0, 0xff, 0xe2,
    0xd2, 0x6, 0x90, 0x7, 0xfa, 0xc4, 0x38, 0x3,
    0xff, 0x8b, 0x2a, 0x16, 0x60, 0x1f, 0xe5, 0x50,
    0x49, 0x0, 0x7f, 0xf1, 0x21, 0x82, 0x90, 0x3,
    0xfc, 0x36, 0xa, 0xc0, 0x1f, 0xfc, 0x44, 0x70,
    0x4, 0xc1, 0x0, 0x7f, 0x50, 0x8a, 0xc0, 0x3f,
    0xf8, 0xa2, 0x1, 0x1b, 0xeb, 0x80, 0x7c, 0xe8,
    0x14, 0x20, 0x1f, 0xfc, 0x55, 0xff, 0x75, 0x10,
    0x41, 0x80, 0x71, 0x40, 0x32, 0x0, 0x7f, 0xf2,
    0x45, 0x70, 0x1, 0x40, 0x1d, 0xe0, 0x52, 0x1,
    0xff, 0xcc, 0x12, 0x2, 0x0, 0xd0, 0x41, 0xc0,
    0x1f, 0x3e, 0xe8, 0xc0, 0x38, 0x98, 0x3, 0xe2,
    0x20, 0x18, 0x4, 0x8e, 0x10, 0x60, 0x1e, 0x48,
    0x25, 0x30, 0xe, 0x89, 0xd8, 0x43, 0x24, 0x8c,
    0x0, 0x50, 0x0, 0x68, 0xd, 0xc0, 0x3c, 0x54,
    0x9, 0x0, 0x1e, 0x20, 0x27, 0xbc, 0xdb, 0x71,
    0x15, 0x90, 0x2, 0xc4, 0x38, 0x3, 0xef, 0x12,
    0xa0, 0xf, 0xa3, 0xa1, 0x4, 0x0, 0x27, 0x1e,
    0x80, 0x5, 0x50, 0x49, 0x0, 0x7a, 0x88, 0x3c,
    0x40, 0x3f, 0xb, 0xdf, 0x7f, 0xbb, 0x1c, 0x40,
    0x3, 0x40, 0xac, 0x1, 0xe7, 0x50, 0xa2, 0x0,
    0xff, 0xe4, 0xd0, 0xd, 0x80, 0x79, 0x20, 0x1d,
    0x40, 0x15, 0x66, 0x1, 0xff, 0xc4, 0x74, 0xa,
    0x10, 0xe, 0x1a, 0x4, 0x80, 0x9, 0x51, 0x80,
    0x3f, 0xf8, 0x65, 0x0, 0xc8, 0x1, 0xed, 0x11,
    0x48, 0x8e, 0x0, 0x18, 0x88, 0x3, 0xff, 0x83,
    0xe0, 0x52, 0x1, 0xe6, 0x30, 0x1d, 0xee, 0xc0,
    0x9, 0xee, 0x20, 0x7, 0xfd, 0x4, 0x1c, 0x1,
    0xf0, 0x80, 0x7f, 0xf3, 0x11, 0xc2, 0xc, 0x3,
    0xe7, 0xff, 0xfb, 0x40, 0x15, 0xfe, 0x40, 0xf,
    0xe1, 0xa0, 0x37, 0x0, 0xff, 0xea, 0x58, 0x87,
    0x0, 0x7f, 0xf5, 0x4, 0x9e, 0xc8, 0x3, 0xff,
    0x8a, 0x6e, 0xf0, 0x4,

    /* U+00BF "¿" */
    0x0, 0xfa, 0xbf, 0x8, 0x3, 0xff, 0x85, 0xa,
    0x7, 0xc0, 0x1f, 0xfc, 0x22, 0x0, 0x88, 0x3,
    0xff, 0x85, 0xe0, 0x13, 0x0, 0x7f, 0xf0, 0x97,
    0x1e, 0xa0, 0x3, 0xff, 0x86, 0x70, 0xa0, 0x1f,
    0xfe, 0x93, 0xee, 0x94, 0x3, 0xff, 0x84, 0x82,
    0x33, 0x0, 0x7f, 0xf0, 0x46, 0x40, 0x2, 0x60,
    0x1f, 0xfc, 0x1d, 0x10, 0x5, 0x80, 0x7f, 0xf0,
    0x7, 0xc, 0x0, 0xea, 0x1, 0xff, 0xe, 0x18,
    0x1, 0xe0, 0x3, 0xff, 0x81, 0x84, 0x0, 0x88,
    0x0, 0x7f, 0xf0, 0x24, 0x80, 0x12, 0xe0, 0x1f,
    0xfc, 0x1, 0x60, 0x2, 0xb0, 0x7, 0xff, 0x5,
    0x0, 0x29, 0x0, 0xff, 0xe1, 0x10, 0x4, 0x40,
    0x1f, 0xfc, 0x64, 0x0, 0xff, 0x4a, 0x0, 0xc,
    0x2, 0xb2, 0x0, 0xf8, 0x6d, 0xae, 0x1, 0x8,
    0x0, 0x3b, 0x6, 0x0, 0x24, 0x9e, 0x40, 0x2,
    0x0, 0x3c, 0x40, 0x27, 0xcf, 0xf6, 0xdb, 0x0,
    0x49, 0x80, 0x2, 0xc4, 0x0, 0xff, 0xd, 0x58,
    0x6, 0x2b, 0xc7, 0x31, 0x0, 0x9, 0xb5, 0x72,
    0x80, 0x40,

    /* U+00C0 "À" */
    0x0, 0xfc, 0xf1, 0x7, 0x20, 0xf, 0xfe, 0x5a,
    0x2b, 0xc6, 0x10, 0x7, 0xff, 0x28, 0xf5, 0x40,
    0x70, 0xc0, 0x3f, 0xf9, 0x75, 0x20, 0x38, 0x80,
    0x1f, 0xfc, 0xb6, 0xd2, 0xb, 0x50, 0xf, 0xfe,
    0x59, 0x6f, 0xf9, 0x40, 0x3f, 0xfc, 0xfb, 0xff,
    0x10, 0x7, 0xff, 0x29, 0x8, 0x2, 0xb0, 0xf,
    0xfe, 0x54, 0x0, 0x66, 0x10, 0xf, 0xfe, 0x41,
    0x98, 0x3, 0xa4, 0x3, 0xff, 0x91, 0x20, 0x3,
    0x80, 0x3, 0x80, 0x7f, 0xf1, 0xc9, 0x40, 0x12,
    0xc0, 0x13, 0x80, 0x7f, 0xf1, 0xac, 0x0, 0x2a,
    0x2c, 0x0, 0x90, 0xf, 0xfe, 0x28, 0xb0, 0x2,
    0x40, 0x16, 0x0, 0x15, 0x0, 0xff, 0xe2, 0x48,
    0x4, 0xe0, 0x2, 0x40, 0x4, 0x0, 0x7f, 0xf1,
    0x18, 0x0, 0xc0, 0x1b, 0xc0, 0x4, 0x80, 0x1f,
    0xfc, 0x26, 0x10, 0x5, 0x80, 0x64, 0x20, 0x7,
    0x80, 0x7f, 0xf0, 0xac, 0x0, 0xa4, 0x1, 0xd6,
    0x0, 0x43, 0x0, 0xff, 0xe0, 0x29, 0x0, 0x24,
    0x3, 0xcc, 0x20, 0x9, 0x0, 0xff, 0xe0, 0x48,
    0x0, 0xcc, 0x1, 0xf3, 0x0, 0x14, 0x80, 0x3f,
    0xc6, 0x60, 0x4, 0x80, 0x7e, 0x90, 0xa, 0xc0,
    0x3f, 0xd0, 0x0, 0x15, 0x0, 0xfc, 0x2a, 0x0,
    0x61, 0x0, 0xfc, 0x48, 0x0, 0x1f, 0xff, 0xf2,
    0x80, 0x4c, 0x1, 0xfa, 0xc0, 0x3f, 0xf8, 0xd2,
    0x1, 0xf0, 0xb0, 0x0, 0x48, 0xbf, 0xf8, 0x20,
    0x1, 0x60, 0xf, 0x48, 0x5, 0x9b, 0xbf, 0xfc,
    0x12, 0x0, 0x58, 0x7, 0x98, 0x0, 0xa4, 0x1,
    0xff, 0xc1, 0xb0, 0x1, 0x28, 0x6, 0x61, 0x0,
    0x48, 0x7, 0xff, 0x9, 0x84, 0x1, 0x20, 0x1a,
    0x0, 0x6, 0x60, 0xf, 0xfe, 0x1b, 0x0, 0xc,
    0xc0, 0x5, 0x10, 0x4, 0x80, 0x7f, 0xf1, 0x24,
    0x2, 0x80, 0x4, 0x80, 0x5, 0x40, 0x3f, 0xf8,
    0x82, 0xc0, 0x4, 0x20,

    /* U+00C1 "Á" */
    0x0, 0xff, 0xe2, 0x34, 0x44, 0x60, 0x1f, 0xfc,
    0xaa, 0x97, 0x77, 0x98, 0x7, 0xff, 0x26, 0xd4,
    0xb, 0x1c, 0x3, 0xff, 0x90, 0x38, 0x80, 0xba,
    0x60, 0x1f, 0xfc, 0x82, 0xc3, 0x9, 0xa0, 0xf,
    0xfe, 0x51, 0x6f, 0xf9, 0x80, 0x3f, 0xfd, 0x1b,
    0xff, 0x10, 0x7, 0xff, 0x29, 0x8, 0x2, 0xb0,
    0xf, 0xfe, 0x54, 0x0, 0x66, 0x10, 0xf, 0xfe,
    0x41, 0x98, 0x3, 0xa4, 0x3, 0xff, 0x91, 0x20,
    0x3, 0x80, 0x3, 0x80, 0x7f, 0xf1, 0xc9, 0x40,
    0x12, 0xc0, 0x13, 0x80, 0x7f, 0xf1, 0xac, 0x0,
    0x2a, 0x2c, 0x0, 0x90, 0xf, 0xfe, 0x28, 0xb0,
    0x2, 0x40, 0x16, 0x0, 0x15, 0x0, 0xff, 0xe2,
    0x48, 0x4, 0xe0, 0x2, 0x40, 0x4, 0x0, 0x7f,
    0xf1, 0x18, 0x0, 0xc0, 0x1b, 0xc0, 0x4, 0x80,
    0x1f, 0xfc, 0x26, 0x10, 0x5, 0x80, 0x64, 0x20,
    0x7, 0x80, 0x7f, 0xf0, 0xac, 0x0, 0xa4, 0x1,
    0xd6, 0x0, 0x43, 0x0, 0xff, 0xe0, 0x29, 0x0,
    0x24, 0x3, 0xcc, 0x20, 0x9, 0x0, 0xff, 0xe0,
    0x48, 0x0, 0xcc, 0x1, 0xf3, 0x0, 0x14, 0x80,
    0x3f, 0xc6, 0x60, 0x4, 0x80, 0x7e, 0x90, 0xa,
    0xc0, 0x3f, 0xd0, 0x0, 0x15, 0x0, 0xfc, 0x2a,
    0x0, 0x61, 0x0, 0xfc, 0x48, 0x0, 0x1f, 0xff,
    0xf2, 0x80, 0x4c, 0x1, 0xfa, 0xc0, 0x3f, 0xf8,
    0xd2, 0x1, 0xf0, 0xb0, 0x0, 0x48, 0xbf, 0xf8,
    0x20, 0x1, 0x60, 0xf, 0x48, 0x5, 0x9b, 0xbf,
    0xfc, 0x12, 0x0, 0x58, 0x7, 0x98, 0x0, 0xa4,
    0x1, 0xff, 0xc1, 0xb0, 0x1, 0x28, 0x6, 0x61,
    0x0, 0x48, 0x7, 0xff, 0x9, 0x84, 0x1, 0x20,
    0x1a, 0x0, 0x6, 0x60, 0xf, 0xfe, 0x1b, 0x0,
    0xc, 0xc0, 0x5, 0x10, 0x4, 0x80, 0x7f, 0xf1,
    0x24, 0x2, 0x80, 0x4, 0x80, 0x5, 0x40, 0x3f,
    0xf8, 0x82, 0xc0, 0x4, 0x20,

    /* U+00C2 "Â" */
    0x0, 0xff, 0xe0, 0x2c, 0x41, 0xc0, 0x3f, 0xf9,
    0x71, 0x4e, 0xe8, 0xc1, 0x0, 0xff, 0xe4, 0x4b,
    0x81, 0x30, 0x1e, 0x8, 0x7, 0xff, 0x1a, 0x98,
    0x17, 0x66, 0x40, 0x5e, 0x40, 0x1f, 0xfc, 0x4b,
    0x50, 0x8a, 0x0, 0x36, 0x8, 0xb0, 0x80, 0x3f,
    0xf8, 0x77, 0xfe, 0x70, 0xc, 0x7d, 0xfc, 0x40,
    0x1f, 0xfe, 0x3d, 0xff, 0x88, 0x3, 0xff, 0x94,
    0x84, 0x1, 0x58, 0x7, 0xff, 0x2a, 0x0, 0x33,
    0x8, 0x7, 0xff, 0x20, 0xcc, 0x1, 0xd2, 0x1,
    0xff, 0xc8, 0x90, 0x1, 0xc0, 0x1, 0xc0, 0x3f,
    0xf8, 0xe4, 0xa0, 0x9, 0x60, 0x9, 0xc0, 0x3f,
    0xf8, 0xd6, 0x0, 0x15, 0x16, 0x0, 0x48, 0x7,
    0xff, 0x14, 0x58, 0x1, 0x20, 0xb, 0x0, 0xa,
    0x80, 0x7f, 0xf1, 0x24, 0x2, 0x70, 0x1, 0x20,
    0x2, 0x0, 0x3f, 0xf8, 0x8c, 0x0, 0x60, 0xd,
    0xe0, 0x2, 0x40, 0xf, 0xfe, 0x13, 0x8, 0x2,
    0xc0, 0x32, 0x10, 0x3, 0xc0, 0x3f, 0xf8, 0x56,
    0x0, 0x52, 0x0, 0xeb, 0x0, 0x21, 0x80, 0x7f,
    0xf0, 0x14, 0x80, 0x12, 0x1, 0xe6, 0x10, 0x4,
    0x80, 0x7f, 0xf0, 0x24, 0x0, 0x66, 0x0, 0xf9,
    0x80, 0xa, 0x40, 0x1f, 0xe3, 0x30, 0x2, 0x40,
    0x3f, 0x48, 0x5, 0x60, 0x1f, 0xe8, 0x0, 0xa,
    0x80, 0x7e, 0x15, 0x0, 0x30, 0x80, 0x7e, 0x24,
    0x0, 0xf, 0xff, 0xf9, 0x40, 0x26, 0x0, 0xfd,
    0x60, 0x1f, 0xfc, 0x69, 0x0, 0xf8, 0x58, 0x0,
    0x24, 0x5f, 0xfc, 0x10, 0x0, 0xb0, 0x7, 0xa4,
    0x2, 0xcd, 0xdf, 0xfe, 0x9, 0x0, 0x2c, 0x3,
    0xcc, 0x0, 0x52, 0x0, 0xff, 0xe0, 0xd8, 0x0,
    0x94, 0x3, 0x30, 0x80, 0x24, 0x3, 0xff, 0x84,
    0xc2, 0x0, 0x90, 0xd, 0x0, 0x3, 0x30, 0x7,
    0xff, 0xd, 0x80, 0x6, 0x60, 0x2, 0x88, 0x2,
    0x40, 0x3f, 0xf8, 0x92, 0x1, 0x40, 0x2, 0x40,
    0x2, 0xa0, 0x1f, 0xfc, 0x41, 0x60, 0x2, 0x10,

    /* U+00C3 "Ã" */
    0x0, 0xff, 0x84, 0x3, 0xff, 0x9a, 0xbd, 0xcf,
    0x91, 0x0, 0xab, 0x44, 0x3, 0xff, 0x86, 0x54,
    0x20, 0x6, 0xf5, 0x5, 0x51, 0x8, 0x7, 0xff,
    0xe, 0xc1, 0x7b, 0x54, 0x6b, 0xe8, 0x24, 0x3,
    0xff, 0x88, 0x43, 0x2, 0x55, 0x68, 0x25, 0x2c,
    0x1, 0xff, 0xc4, 0xbe, 0x20, 0x9, 0x2f, 0xb5,
    0x80, 0x3f, 0xfc, 0xbb, 0xff, 0x10, 0x7, 0xff,
    0x29, 0x8, 0x2, 0xb0, 0xf, 0xfe, 0x54, 0x0,
    0x66, 0x10, 0xf, 0xfe, 0x41, 0x98, 0x3, 0xa4,
    0x3, 0xff, 0x91, 0x20, 0x3, 0x80, 0x3, 0x80,
    0x7f, 0xf1, 0xc9, 0x40, 0x12, 0xc0, 0x13, 0x80,
    0x7f, 0xf1, 0xac, 0x0, 0x2a, 0x2c, 0x0, 0x90,
    0xf, 0xfe, 0x28, 0xb0, 0x2, 0x40, 0x16, 0x0,
    0x15, 0x0, 0xff, 0xe2, 0x48, 0x4, 0xe0, 0x2,
    0x40, 0x4, 0x0, 0x7f, 0xf1, 0x18, 0x0, 0xc0,
    0x1b, 0xc0, 0x4, 0x80, 0x1f, 0xfc, 0x26, 0x10,
    0x5, 0x80, 0x64, 0x20, 0x7, 0x80, 0x7f, 0xf0,
    0xac, 0x0, 0xa4, 0x1, 0xd6, 0x0, 0x43, 0x0,
    0xff, 0xe0, 0x29, 0x0, 0x24, 0x3, 0xcc, 0x20,
    0x9, 0x0, 0xff, 0xe0, 0x48, 0x0, 0xcc, 0x1,
    0xf3, 0x0, 0x14, 0x80, 0x3f, 0xc6, 0x60, 0x4,
    0x80, 0x7e, 0x90, 0xa, 0xc0, 0x3f, 0xd0, 0x0,
    0x15, 0x0, 0xfc, 0x2a, 0x0, 0x61, 0x0, 0xfc,
    0x48, 0x0, 0x1f, 0xff, 0xf2, 0x80, 0x4c, 0x1,
    0xfa, 0xc0, 0x3f, 0xf8, 0xd2, 0x1, 0xf0, 0xb0,
    0x0, 0x48, 0xbf, 0xf8, 0x20, 0x1, 0x60, 0xf,
    0x48, 0x5, 0x9b, 0xbf, 0xfc, 0x12, 0x0, 0x58,
    0x7, 0x98, 0x0, 0xa4, 0x1, 0xff, 0xc1, 0xb0,
    0x1, 0x28, 0x6, 0x61, 0x0, 0x48, 0x7, 0xff,
    0x9, 0x84, 0x1, 0x20, 0x1a, 0x0, 0x6, 0x60,
    0xf, 0xfe, 0x1b, 0x0, 0xc, 0xc0, 0x5, 0x10,
    0x4, 0x80, 0x7f, 0xf1, 0x24, 0x2, 0x80, 0x4,
    0x80, 0x5, 0x40, 0x3f, 0xf8, 0x82, 0xc0, 0x4,
    0x20,

    /* U+00C4 "Ä" */
    0x0, 0xfe, 0x5e, 0xd2, 0x0, 0xab, 0xe8, 0x3,
    0xff, 0x8d, 0x42, 0x56, 0x0, 0x35, 0x5, 0x40,
    0xf, 0xfe, 0x29, 0x0, 0x38, 0x0, 0x20, 0x13,
    0x80, 0x7f, 0xf1, 0x7d, 0xa1, 0xc0, 0x5, 0x6d,
    0x46, 0x1, 0xff, 0xc5, 0x29, 0x70, 0xc, 0x92,
    0xa0, 0x1f, 0xfe, 0x5d, 0xff, 0x88, 0x3, 0xff,
    0x94, 0x84, 0x1, 0x58, 0x7, 0xff, 0x2a, 0x0,
    0x33, 0x8, 0x7, 0xff, 0x20, 0xcc, 0x1, 0xd2,
    0x1, 0xff, 0xc8, 0x90, 0x1, 0xc0, 0x1, 0xc0,
    0x3f, 0xf8, 0xe4, 0xa0, 0x9, 0x60, 0x9, 0xc0,
    0x3f, 0xf8, 0xd6, 0x0, 0x15, 0x16, 0x0, 0x48,
    0x7, 0xff, 0x14, 0x58, 0x1, 0x20, 0xb, 0x0,
    0xa, 0x80, 0x7f, 0xf1, 0x24, 0x2, 0x70, 0x1,
    0x20, 0x2, 0x0, 0x3f, 0xf8, 0x8c, 0x0, 0x60,
    0xd, 0xe0, 0x2, 0x40, 0xf, 0xfe, 0x13, 0x8,
    0x2, 0xc0, 0x32, 0x10, 0x3, 0xc0, 0x3f, 0xf8,
    0x56, 0x0, 0x52, 0x0, 0xeb, 0x0, 0x21, 0x80,
    0x7f, 0xf0, 0x14, 0x80, 0x12, 0x1, 0xe6, 0x10,
    0x4, 0x80, 0x7f, 0xf0, 0x24, 0x0, 0x66, 0x0,
    0xf9, 0x80, 0xa, 0x40, 0x1f, 0xe3, 0x30, 0x2,
    0x40, 0x3f, 0x48, 0x5, 0x60, 0x1f, 0xe8, 0x0,
    0xa, 0x80, 0x7e, 0x15, 0x0, 0x30, 0x80, 0x7e,
    0x24, 0x0, 0xf, 0xff, 0xf9, 0x40, 0x26, 0x0,
    0xfd, 0x60, 0x1f, 0xfc, 0x69, 0x0, 0xf8, 0x58,
    0x0, 0x24, 0x5f, 0xfc, 0x10, 0x0, 0xb0, 0x7,
    0xa4, 0x2, 0xcd, 0xdf, 0xfe, 0x9, 0x0, 0x2c,
    0x3, 0xcc, 0x0, 0x52, 0x0, 0xff, 0xe0, 0xd8,
    0x0, 0x94, 0x3, 0x30, 0x80, 0x24, 0x3, 0xff,
    0x84, 0xc2, 0x0, 0x90, 0xd, 0x0, 0x3, 0x30,
    0x7, 0xff, 0xd, 0x80, 0x6, 0x60, 0x2, 0x88,
    0x2, 0x40, 0x3f, 0xf8, 0x92, 0x1, 0x40, 0x2,
    0x40, 0x2, 0xa0, 0x1f, 0xfc, 0x41, 0x60, 0x2,
    0x10,

    /* U+00C5 "Å" */
    0x0, 0xff, 0x86, 0x7b, 0xec, 0xc0, 0x3f, 0xf9,
    0x58, 0xc8, 0xcb, 0x86, 0x1, 0xff, 0xc8, 0x72,
    0xaa, 0x4e, 0x7, 0x80, 0x7f, 0xf2, 0x30, 0x54,
    0x0, 0x4c, 0x62, 0x1, 0xff, 0xc7, 0x73, 0x0,
    0xc2, 0x1, 0xff, 0xc9, 0x52, 0x20, 0x4, 0x82,
    0x20, 0xf, 0xfe, 0x3d, 0x87, 0xa1, 0xd1, 0xc8,
    0x7, 0xff, 0x20, 0xac, 0xef, 0x15, 0xdc, 0x1,
    0xff, 0xc9, 0x4e, 0xbb, 0x74, 0x0, 0x7f, 0xf3,
    0x11, 0x2, 0x1, 0xff, 0xcc, 0xdf, 0xf8, 0x80,
    0x3f, 0xf9, 0x48, 0x40, 0x15, 0x80, 0x7f, 0xf2,
    0xa0, 0x3, 0x30, 0x80, 0x7f, 0xf2, 0xc, 0xc0,
    0x1d, 0x20, 0x1f, 0xfc, 0x89, 0x0, 0x1c, 0x0,
    0x1c, 0x3, 0xff, 0x8e, 0x4a, 0x0, 0x96, 0x0,
    0x9c, 0x3, 0xff, 0x8d, 0x60, 0x1, 0x51, 0x60,
    0x4, 0x80, 0x7f, 0xf1, 0x45, 0x80, 0x12, 0x0,
    0xb0, 0x0, 0xa8, 0x7, 0xff, 0x12, 0x40, 0x27,
    0x0, 0x12, 0x0, 0x20, 0x3, 0xff, 0x88, 0xc0,
    0x6, 0x0, 0xde, 0x0, 0x24, 0x0, 0xff, 0xe1,
    0x30, 0x80, 0x2c, 0x3, 0x21, 0x0, 0x3c, 0x3,
    0xff, 0x85, 0x60, 0x5, 0x20, 0xe, 0xb0, 0x2,
    0x18, 0x7, 0xff, 0x1, 0x48, 0x1, 0x20, 0x1e,
    0x61, 0x0, 0x48, 0x7, 0xff, 0x2, 0x40, 0x6,
    0x60, 0xf, 0x98, 0x0, 0xa4, 0x1, 0xfe, 0x33,
    0x0, 0x24, 0x3, 0xf4, 0x80, 0x56, 0x1, 0xfe,
    0x80, 0x0, 0xa8, 0x7, 0xe1, 0x50, 0x3, 0x8,
    0x7, 0xe2, 0x40, 0x0, 0xff, 0xff, 0x94, 0x2,
    0x60, 0xf, 0xd6, 0x1, 0xff, 0xc6, 0x90, 0xf,
    0x85, 0x80, 0x2, 0x45, 0xff, 0xc1, 0x0, 0xb,
    0x0, 0x7a, 0x40, 0x2c, 0xdd, 0xff, 0xe0, 0x90,
    0x2, 0xc0, 0x3c, 0xc0, 0x5, 0x20, 0xf, 0xfe,
    0xd, 0x80, 0x9, 0x40, 0x33, 0x8, 0x2, 0x40,
    0x3f, 0xf8, 0x4c, 0x20, 0x9, 0x0, 0xd0, 0x0,
    0x33, 0x0, 0x7f, 0xf0, 0xd8, 0x0, 0x66, 0x0,
    0x28, 0x80, 0x24, 0x3, 0xff, 0x89, 0x20, 0x14,
    0x0, 0x24, 0x0, 0x2a, 0x1, 0xff, 0xc4, 0x16,
    0x0, 0x21, 0x0,

    /* U+00C6 "Æ" */
    0x0, 0xff, 0xe1, 0xaf, 0xff, 0xff, 0x20, 0x80,
    0x3f, 0xf8, 0x76, 0x1, 0xff, 0xd7, 0x81, 0x0,
    0xff, 0xeb, 0x13, 0x80, 0x21, 0x40, 0x2e, 0xef,
    0xfe, 0x11, 0x0, 0x7f, 0xf0, 0x64, 0x0, 0x4e,
    0x60, 0x10, 0x8f, 0xff, 0x8, 0x3, 0xff, 0x82,
    0xa8, 0x0, 0x90, 0xf, 0xfe, 0xa5, 0x80, 0x15,
    0x0, 0x3f, 0xfa, 0x70, 0x20, 0xb, 0x0, 0xff,
    0xe9, 0x93, 0x80, 0x20, 0x40, 0x3f, 0xfa, 0x72,
    0x0, 0x27, 0x0, 0xff, 0xe9, 0xaa, 0x0, 0x20,
    0x3, 0xff, 0xa9, 0x60, 0x4, 0x50, 0xf, 0xdf,
    0xff, 0xfc, 0x9, 0x0, 0xff, 0x40, 0x80, 0x24,
    0x3, 0xff, 0xa6, 0x4e, 0x0, 0x72, 0x0, 0xff,
    0xe9, 0xc8, 0x0, 0x60, 0x3, 0xfd, 0xff, 0xff,
    0xc0, 0x90, 0xf, 0xca, 0x80, 0xb, 0x0, 0xff,
    0xea, 0x58, 0x5, 0x5f, 0xff, 0x30, 0x7, 0xff,
    0x2e, 0x4, 0x3, 0xff, 0xac, 0x4e, 0x0, 0x12,
    0x2f, 0xe1, 0x0, 0xff, 0xe5, 0x48, 0x0, 0x7b,
    0x77, 0xf9, 0xc0, 0x3f, 0xf9, 0x2a, 0x80, 0xb,
    0x0, 0xff, 0xea, 0x58, 0x0, 0xd4, 0x3, 0xff,
    0x84, 0x23, 0xff, 0xc3, 0x0, 0x40, 0x80, 0x38,
    0x3, 0xff, 0x87, 0xdd, 0xff, 0xc2, 0xb0, 0x27,
    0x0, 0x31, 0x0, 0x7f, 0xf4, 0xe4, 0x0, 0x32,
    0x1, 0xff, 0xd3,

    /* U+00C7 "Ç" */
    0x0, 0xfe, 0x49, 0xce, 0xff, 0x76, 0x4a, 0x0,
    0x7f, 0xf0, 0x1f, 0xad, 0x8c, 0x40, 0x2, 0x6d,
    0x7e, 0xe0, 0x1f, 0x93, 0xa0, 0x40, 0x3f, 0xe8,
    0xe3, 0x0, 0xe6, 0xb1, 0x0, 0x8e, 0x2f, 0x36,
    0xe5, 0x0, 0x21, 0xc4, 0x0, 0x96, 0x40, 0x22,
    0xcc, 0x3a, 0x19, 0x23, 0x5f, 0x28, 0x0, 0x94,
    0x0, 0x54, 0x1, 0x36, 0x98, 0x7, 0xe1, 0xaa,
    0x1e, 0x8, 0x3, 0x80, 0x26, 0x90, 0xf, 0xfe,
    0x2, 0xe0, 0x80, 0x10, 0xc0, 0x7, 0x20, 0x1f,
    0xfc, 0x6e, 0x0, 0xbc, 0x3, 0xff, 0x8e, 0x80,
    0x2, 0x30, 0xf, 0xfe, 0x30, 0x88, 0x0, 0xa0,
    0x1f, 0xfc, 0x72, 0x0, 0xb8, 0x3, 0xff, 0x8e,
    0xe0, 0x11, 0x80, 0x7f, 0xf1, 0xdc, 0x2, 0x30,
    0xf, 0xfe, 0x39, 0x0, 0x5c, 0x1, 0xff, 0xc7,
    0x11, 0x0, 0x14, 0x3, 0xff, 0x90, 0x80, 0x2,
    0x30, 0xf, 0xfe, 0x3f, 0x0, 0x5e, 0x1, 0xff,
    0xc7, 0x43, 0x0, 0x1c, 0x80, 0x7f, 0xf1, 0xf8,
    0x2, 0x68, 0x0, 0xff, 0xe0, 0x36, 0x8, 0x4,
    0x52, 0x1, 0x3e, 0x18, 0x7, 0xe2, 0xa9, 0x3c,
    0x20, 0x9, 0xa4, 0x2, 0x3c, 0xc3, 0xa1, 0x92,
    0x35, 0xea, 0x80, 0x9, 0x80, 0x33, 0x58, 0x80,
    0x47, 0x17, 0x9b, 0x72, 0x80, 0x10, 0xea, 0x0,
    0x72, 0x73, 0x88, 0x7, 0xf8, 0x63, 0x88, 0x3,
    0xf4, 0x75, 0x31, 0x80, 0x42, 0x6d, 0x7c, 0xe0,
    0x1f, 0xfc, 0x5, 0x9c, 0x30, 0xde, 0xc9, 0x40,
    0xf, 0xfe, 0x29, 0x83, 0x0, 0x7f, 0xf2, 0x10,
    0x1, 0x7c, 0x60, 0x1f, 0xfc, 0x64, 0xec, 0x21,
    0xf0, 0xf, 0xfe, 0x38, 0x9d, 0x1, 0x80, 0x7f,
    0xf1, 0x5c, 0x80, 0xac, 0x4, 0x3, 0xff, 0x88,
    0xb1, 0xbf, 0xa6, 0x16, 0x1, 0xff, 0xc4, 0x76,
    0x31, 0x36, 0xd5, 0x0, 0xf8,

    /* U+00C8 "È" */
    0x0, 0x92, 0x22, 0x60, 0xf, 0xfe, 0x1a, 0x3,
    0xba, 0x64, 0x1, 0xff, 0xc3, 0x8b, 0x10, 0x6a,
    0x0, 0xff, 0xe1, 0xa7, 0xa0, 0x2d, 0x80, 0x7f,
    0xf0, 0xc6, 0xdc, 0x13, 0x4, 0x3, 0xff, 0x87,
    0x1f, 0xec, 0x10, 0xf, 0xfe, 0x79, 0xff, 0xff,
    0xf1, 0x64, 0x3, 0xff, 0xc3, 0x3d, 0xdf, 0xfc,
    0x19, 0x0, 0xf0, 0x8f, 0xff, 0x4, 0x3, 0xff,
    0xfe, 0x1, 0xff, 0xe7, 0x9f, 0xff, 0xfe, 0x0,
    0x7, 0xff, 0x8e, 0x7f, 0xff, 0xf8, 0x0, 0x1f,
    0xff, 0xf0, 0xf, 0xff, 0x48, 0x8f, 0xff, 0x8,
    0x3, 0xa7, 0xbb, 0xff, 0x84, 0x20, 0x1f, 0xfd,
    0xc0,

    /* U+00C9 "É" */
    0x0, 0xff, 0x8a, 0x22, 0x70, 0xf, 0xfe, 0x11,
    0xeb, 0xb9, 0x14, 0x3, 0xff, 0x82, 0x98, 0x0,
    0x6c, 0x20, 0xf, 0xfe, 0x2, 0xd8, 0x2, 0xa4,
    0x3, 0xff, 0x82, 0xf4, 0x7, 0xaa, 0x1, 0xff,
    0xc2, 0x7f, 0xf6, 0x10, 0x7, 0xff, 0x40, 0xff,
    0xff, 0xf8, 0xb2, 0x1, 0xff, 0xe1, 0x9e, 0xef,
    0xfe, 0xc, 0x80, 0x78, 0x47, 0xff, 0x82, 0x1,
    0xff, 0xff, 0x0, 0xff, 0xf3, 0xcf, 0xff, 0xff,
    0x0, 0x3, 0xff, 0xc7, 0x3f, 0xff, 0xfc, 0x0,
    0xf, 0xff, 0xf8, 0x7, 0xff, 0xa4, 0x47, 0xff,
    0x84, 0x1, 0xd3, 0xdd, 0xff, 0xc2, 0x10, 0xf,
    0xfe, 0xe0,

    /* U+00CA "Ê" */
    0x0, 0xf8, 0x5e, 0x20, 0xa0, 0x1f, 0xfc, 0x22,
    0xf8, 0x77, 0x53, 0x0, 0x7f, 0xf0, 0xb, 0x4,
    0x18, 0x42, 0x5c, 0x3, 0xfc, 0x78, 0x21, 0x73,
    0xe6, 0x11, 0x0, 0xf, 0xc9, 0x82, 0x5a, 0x80,
    0x38, 0xc0, 0xf2, 0x1, 0xf2, 0x7f, 0xb4, 0x80,
    0x34, 0xff, 0xa4, 0x3, 0xff, 0x98, 0x7f, 0xff,
    0xfc, 0x59, 0x0, 0xff, 0xf0, 0xcf, 0x77, 0xff,
    0x6, 0x40, 0x3c, 0x23, 0xff, 0xc1, 0x0, 0xff,
    0xff, 0x80, 0x7f, 0xf9, 0xe7, 0xff, 0xff, 0x80,
    0x1, 0xff, 0xe3, 0x9f, 0xff, 0xfe, 0x0, 0x7,
    0xff, 0xfc, 0x3, 0xff, 0xd2, 0x23, 0xff, 0xc2,
    0x0, 0xe9, 0xee, 0xff, 0xe1, 0x8, 0x7, 0xff,
    0x70,

    /* U+00CB "Ë" */
    0x0, 0xeb, 0xf8, 0x0, 0x8f, 0x79, 0x0, 0x3f,
    0x99, 0x1, 0xc8, 0x1, 0x4, 0x32, 0x1, 0xfc,
    0x40, 0x11, 0x80, 0x8, 0x0, 0xc0, 0x1f, 0xc9,
    0x2d, 0x82, 0x0, 0x87, 0x75, 0x0, 0x7f, 0x9a,
    0x4c, 0x2, 0x18, 0x80, 0x80, 0x7f, 0xf3, 0x4f,
    0xff, 0xff, 0x8b, 0x20, 0x1f, 0xfe, 0x19, 0xee,
    0xff, 0xe0, 0xc8, 0x7, 0x84, 0x7f, 0xf8, 0x20,
    0x1f, 0xff, 0xf0, 0xf, 0xff, 0x3c, 0xff, 0xff,
    0xf0, 0x0, 0x3f, 0xfc, 0x73, 0xff, 0xff, 0xc0,
    0x0, 0xff, 0xff, 0x80, 0x7f, 0xfa, 0x44, 0x7f,
    0xf8, 0x40, 0x1d, 0x3d, 0xdf, 0xfc, 0x21, 0x0,
    0xff, 0xee, 0x0,

    /* U+00CC "Ì" */
    0x5, 0x88, 0x94, 0x3, 0xca, 0x4e, 0xea, 0x70,
    0xf, 0x55, 0x0, 0x11, 0x0, 0xf, 0x2e, 0x90,
    0x3d, 0x0, 0x78, 0xb5, 0x81, 0x6c, 0x3, 0xe9,
    0xff, 0x58, 0x7, 0xff, 0x14, 0xff, 0xe6, 0x0,
    0xff, 0xff, 0x80, 0x7f, 0xff, 0xc0, 0x3f, 0xff,
    0xe0, 0x1f, 0xfd, 0xc0,

    /* U+00CD "Í" */
    0x0, 0xe3, 0x88, 0x98, 0x3, 0x97, 0x1d, 0xc6,
    0xe0, 0x19, 0xa8, 0x1, 0x16, 0x20, 0x13, 0xc8,
    0xe, 0x38, 0x6, 0x98, 0x4, 0xf3, 0x0, 0xe9,
    0xff, 0x58, 0x80, 0x7f, 0xf1, 0x4f, 0xfe, 0x60,
    0xf, 0xff, 0xf8, 0x7, 0xff, 0xfc, 0x3, 0xff,
    0xfe, 0x1, 0xff, 0xe0,

    /* U+00CE "Î" */
    0x0, 0xc5, 0x11, 0x20, 0x7, 0xe3, 0xc7, 0x7a,
    0xd4, 0x3, 0xc9, 0x82, 0xe, 0x21, 0x4c, 0x1,
    0x92, 0xc0, 0x72, 0x30, 0x82, 0x58, 0x0, 0xb6,
    0x7, 0xe6, 0x5, 0xaa, 0x12, 0xe0, 0xbf, 0xec,
    0x10, 0xd, 0x5f, 0xe7, 0x0, 0xff, 0xe3, 0x9f,
    0xfc, 0xc0, 0x1f, 0xff, 0xf0, 0xf, 0xff, 0xf8,
    0x7, 0xff, 0xfc, 0x3, 0xff, 0xfe, 0x1, 0xff,
    0xdd,

    /* U+00CF "Ï" */
    0x1c, 0xe6, 0x0, 0x93, 0xb4, 0xe4, 0xc6, 0x40,
    0x29, 0x12, 0x8f, 0x0, 0x8, 0x4, 0xc0, 0x2,
    0x78, 0x6c, 0x0, 0xa9, 0x9e, 0x41, 0xe4, 0x80,
    0x21, 0x98, 0x0, 0xff, 0xe1, 0x9f, 0xfc, 0xc0,
    0x1f, 0xff, 0xf0, 0xf, 0xff, 0xf8, 0x7, 0xff,
    0xfc, 0x3, 0xff, 0xbc,

    /* U+00D0 "Ð" */
    0x0, 0xdf, 0xff, 0xfc, 0xe, 0xc9, 0x40, 0xf,
    0xfe, 0x68, 0x9b, 0x5f, 0x40, 0x80, 0x7f, 0xf3,
    0x85, 0xfd, 0x40, 0x3f, 0xf8, 0x9, 0xdd, 0xf6,
    0xdc, 0x20, 0x4, 0x35, 0x0, 0x1f, 0xf0, 0x8f,
    0xe2, 0x47, 0xbd, 0x50, 0x9, 0xdc, 0x1, 0xff,
    0xca, 0x2a, 0xa0, 0x5, 0x6, 0x1, 0xff, 0xcb,
    0x5a, 0x0, 0xb8, 0x3, 0xff, 0x98, 0xaa, 0x0,
    0x12, 0x80, 0x7f, 0xf3, 0x20, 0x2, 0xf0, 0xf,
    0xfe, 0x61, 0x20, 0x1, 0x40, 0x3f, 0xf9, 0xb8,
    0x1, 0x14, 0xff, 0xc0, 0x12, 0xff, 0xfb, 0x0,
    0x3f, 0x88, 0x2, 0x10, 0xf, 0xfe, 0x83, 0xf1,
    0x14, 0x1, 0x88, 0xbc, 0xc0, 0x1f, 0xfc, 0x17,
    0x76, 0xec, 0x1, 0x2e, 0xef, 0xa8, 0x3, 0xf8,
    0x80, 0x21, 0x0, 0xff, 0xe6, 0x60, 0x4, 0x40,
    0x1f, 0xfc, 0xb1, 0x40, 0x2, 0x80, 0x7f, 0xf3,
    0x2c, 0x2, 0xf0, 0xf, 0xfe, 0x5a, 0xa8, 0x0,
    0x4a, 0x1, 0xff, 0xca, 0x5a, 0x0, 0xa4, 0x3,
    0xff, 0x92, 0x55, 0x40, 0xa, 0x10, 0x3, 0xf8,
    0x47, 0xf1, 0x1b, 0x5e, 0xa8, 0x4, 0xee, 0x0,
    0xff, 0x27, 0x77, 0xdb, 0x92, 0x80, 0x10, 0xd4,
    0x0, 0x7f, 0xf3, 0x5f, 0xd4, 0x3, 0xff, 0x92,
    0x26, 0xd5, 0xf0, 0x20, 0x1e,

    /* U+00D1 "Ñ" */
    0x0, 0xfc, 0x22, 0x0, 0xff, 0xe3, 0x8d, 0xf7,
    0x31, 0x0, 0x25, 0xd7, 0x0, 0xff, 0xa9, 0x0,
    0x7, 0x72, 0x25, 0x4, 0x40, 0xf, 0xf1, 0xa0,
    0xe7, 0x48, 0x37, 0x69, 0x11, 0x40, 0x3f, 0xcc,
    0x2c, 0x62, 0xdc, 0xc4, 0x2b, 0x80, 0x1f, 0xf2,
    0xf4, 0x0, 0x43, 0x3b, 0xd4, 0x20, 0x1f, 0xfd,
    0x13, 0xff, 0x88, 0x3, 0xff, 0x82, 0x5f, 0xf3,
    0x80, 0x6f, 0x10, 0xf, 0xfe, 0x49, 0x50, 0x7,
    0xff, 0x29, 0x24, 0x3, 0xff, 0x94, 0xcc, 0x0,
    0xff, 0xe5, 0x49, 0x80, 0x7f, 0xf1, 0x88, 0x2,
    0xd1, 0x0, 0xff, 0xe2, 0xda, 0x0, 0x7, 0x40,
    0x3f, 0xf8, 0xd6, 0x40, 0x3, 0xa0, 0xf, 0xfe,
    0x37, 0x88, 0x1, 0x5c, 0x3, 0xff, 0x8a, 0x54,
    0x1, 0x42, 0x0, 0x7f, 0xf1, 0x52, 0x0, 0x2a,
    0x20, 0xf, 0xfe, 0x2b, 0xa8, 0x0, 0x7c, 0x3,
    0xff, 0x8d, 0x46, 0x0, 0x2a, 0x0, 0xff, 0xe3,
    0x68, 0x80, 0x15, 0xc0, 0x3f, 0xf8, 0xa3, 0xa0,
    0x14, 0x28, 0x7, 0xff, 0x14, 0xe4, 0x2, 0xa2,
    0x0, 0xff, 0xe2, 0xb3, 0x0, 0x2f, 0x10, 0xf,
    0xfe, 0x2c, 0x98, 0x0, 0xb8, 0x3, 0xff, 0x8d,
    0xa2, 0x0, 0x20, 0xf, 0xfe, 0x30, 0xe8, 0x7,
    0xff, 0x28, 0xe8, 0x3, 0xff, 0x94, 0xae, 0x1,
    0xff, 0xca, 0x84, 0x0, 0xff, 0xe5, 0x59, 0x0,
    0x40,

    /* U+00D2 "Ò" */
    0x0, 0xf8, 0x73, 0xfe, 0x70, 0xf, 0xfe, 0x50,
    0xe3, 0x0, 0x21, 0x80, 0x3f, 0xf9, 0x73, 0x20,
    0x4, 0xb0, 0x7, 0xff, 0x2d, 0xac, 0x42, 0x58,
    0x3, 0xff, 0x96, 0x98, 0x41, 0x2c, 0x1, 0xff,
    0xcb, 0x2d, 0xff, 0x30, 0x7, 0xff, 0x91, 0x27,
    0x3b, 0xfd, 0xd9, 0x4a, 0x20, 0x1f, 0xfc, 0x37,
    0xeb, 0x63, 0x10, 0x0, 0x9a, 0xd7, 0x48, 0x80,
    0x7f, 0xc7, 0xb0, 0x20, 0x1f, 0xf3, 0x73, 0x0,
    0x7f, 0x2e, 0x10, 0x4, 0x71, 0x79, 0xb9, 0x28,
    0x1, 0xa6, 0x40, 0x1f, 0x2d, 0x0, 0x47, 0x98,
    0x74, 0x32, 0x36, 0xbe, 0x50, 0x9, 0xa4, 0x3,
    0x8a, 0x80, 0x26, 0xc3, 0x0, 0xfc, 0x35, 0x40,
    0x9, 0x94, 0x3, 0x48, 0x4, 0xd2, 0x1, 0xff,
    0xc0, 0x5a, 0x0, 0xac, 0x2, 0x34, 0x0, 0x1c,
    0x80, 0x7f, 0xf0, 0x95, 0x80, 0x2, 0xe0, 0xa,
    0x0, 0xbc, 0x3, 0xff, 0x89, 0x22, 0x0, 0xa0,
    0x3, 0x80, 0x8, 0xc0, 0x3f, 0xf8, 0xae, 0x0,
    0x22, 0x8, 0x80, 0xa, 0x1, 0xff, 0xc6, 0xc0,
    0x9, 0xc8, 0x2, 0xe0, 0xf, 0xfe, 0x33, 0x80,
    0x44, 0xe0, 0x11, 0x80, 0x7f, 0xf1, 0x8c, 0x3,
    0x38, 0x4, 0x60, 0x1f, 0xfc, 0x63, 0x0, 0xc4,
    0x1, 0x70, 0x7, 0xff, 0x19, 0xc0, 0x22, 0x11,
    0x0, 0x14, 0x3, 0xff, 0x8d, 0x80, 0x13, 0x83,
    0x80, 0x8, 0xc0, 0x3f, 0xf8, 0xae, 0x0, 0x22,
    0x5, 0x0, 0x5e, 0x1, 0xff, 0xc4, 0x81, 0x0,
    0x50, 0x0, 0xd0, 0x0, 0x72, 0x1, 0xff, 0xc2,
    0x57, 0x0, 0xb, 0x0, 0x52, 0x1, 0x34, 0x0,
    0x7f, 0xf0, 0x16, 0x80, 0x2b, 0x10, 0x8, 0xa8,
    0x2, 0x7c, 0x30, 0xf, 0xc3, 0x34, 0x1, 0x32,
    0x80, 0x72, 0xc8, 0x4, 0x79, 0x87, 0x43, 0x23,
    0x6a, 0xe6, 0x0, 0x96, 0x40, 0x3e, 0x6c, 0x20,
    0x8, 0xe2, 0xf3, 0x72, 0x54, 0x3, 0x45, 0x0,
    0x7f, 0x1e, 0xc0, 0x80, 0x7f, 0xcd, 0xce, 0x1,
    0xff, 0xc0, 0x7e, 0xb6, 0x31, 0x0, 0x9, 0x2c,
    0xf4, 0x88, 0x7, 0x80,

    /* U+00D3 "Ó" */
    0x0, 0xff, 0xe1, 0x9f, 0x7f, 0xb8, 0xc0, 0x3f,
    0xf9, 0x25, 0xa2, 0x5, 0xe6, 0x1, 0xff, 0xc8,
    0x2c, 0x10, 0x5d, 0x10, 0xf, 0xfe, 0x41, 0x60,
    0x83, 0xd0, 0x7, 0xff, 0x24, 0xb0, 0x42, 0xa0,
    0x3, 0xff, 0x94, 0x5d, 0xfe, 0x50, 0xf, 0xff,
    0x2a, 0x4e, 0x77, 0xfb, 0xb2, 0x94, 0x40, 0x3f,
    0xf8, 0x6f, 0xd6, 0xc6, 0x20, 0x1, 0x35, 0xae,
    0x91, 0x0, 0xff, 0x8f, 0x60, 0x40, 0x3f, 0xe6,
    0xe6, 0x0, 0xfe, 0x5c, 0x20, 0x8, 0xe2, 0xf3,
    0x72, 0x50, 0x3, 0x4c, 0x80, 0x3e, 0x5a, 0x0,
    0x8f, 0x30, 0xe8, 0x64, 0x6d, 0x7c, 0xa0, 0x13,
    0x48, 0x7, 0x15, 0x0, 0x4d, 0x86, 0x1, 0xf8,
    0x6a, 0x80, 0x13, 0x28, 0x6, 0x90, 0x9, 0xa4,
    0x3, 0xff, 0x80, 0xb4, 0x1, 0x58, 0x4, 0x68,
    0x0, 0x39, 0x0, 0xff, 0xe1, 0x2b, 0x0, 0x5,
    0xc0, 0x14, 0x1, 0x78, 0x7, 0xff, 0x12, 0x44,
    0x1, 0x40, 0x7, 0x0, 0x11, 0x80, 0x7f, 0xf1,
    0x5c, 0x0, 0x44, 0x11, 0x0, 0x14, 0x3, 0xff,
    0x8d, 0x80, 0x13, 0x90, 0x5, 0xc0, 0x1f, 0xfc,
    0x67, 0x0, 0x89, 0xc0, 0x23, 0x0, 0xff, 0xe3,
    0x18, 0x6, 0x70, 0x8, 0xc0, 0x3f, 0xf8, 0xc6,
    0x1, 0x88, 0x2, 0xe0, 0xf, 0xfe, 0x33, 0x80,
    0x44, 0x22, 0x0, 0x28, 0x7, 0xff, 0x1b, 0x0,
    0x27, 0x7, 0x0, 0x11, 0x80, 0x7f, 0xf1, 0x5c,
    0x0, 0x44, 0xa, 0x0, 0xbc, 0x3, 0xff, 0x89,
    0x2, 0x0, 0xa0, 0x1, 0xa0, 0x0, 0xe4, 0x3,
    0xff, 0x84, 0xae, 0x0, 0x16, 0x0, 0xa4, 0x2,
    0x68, 0x0, 0xff, 0xe0, 0x2d, 0x0, 0x56, 0x20,
    0x11, 0x50, 0x4, 0xf8, 0x60, 0x1f, 0x86, 0x68,
    0x2, 0x65, 0x0, 0xe5, 0x90, 0x8, 0xf3, 0xe,
    0x86, 0x46, 0xd5, 0xcc, 0x1, 0x2c, 0x80, 0x7c,
    0xd8, 0x40, 0x11, 0xc5, 0xe6, 0xe4, 0xa8, 0x6,
    0x8a, 0x0, 0xfe, 0x3d, 0x81, 0x0, 0xff, 0x9b,
    0x9c, 0x3, 0xff, 0x80, 0xfd, 0x6c, 0x62, 0x0,
    0x12, 0x59, 0xe9, 0x10, 0xf, 0x0,

    /* U+00D4 "Ô" */
    0x0, 0xff, 0x87, 0x7f, 0xe4, 0x0, 0xff, 0xe4,
    0x8e, 0x10, 0x5, 0x68, 0x1, 0xff, 0xc7, 0x1c,
    0x20, 0x6a, 0x0, 0x59, 0x80, 0x7f, 0xf1, 0xb4,
    0x81, 0xe5, 0x6c, 0x1, 0x86, 0x1, 0xff, 0xc4,
    0xc3, 0x9, 0x80, 0x2, 0x60, 0x86, 0x90, 0x7,
    0xff, 0xf, 0x3f, 0xcc, 0x1, 0x8f, 0xbf, 0x88,
    0x3, 0xff, 0xc0, 0x93, 0x9d, 0xfe, 0xec, 0xa5,
    0x10, 0xf, 0xfe, 0x1b, 0xf5, 0xb1, 0x88, 0x0,
    0x4d, 0x6b, 0xa4, 0x40, 0x3f, 0xe3, 0xd8, 0x10,
    0xf, 0xf9, 0xb9, 0x80, 0x3f, 0x97, 0x8, 0x2,
    0x38, 0xbc, 0xdc, 0x94, 0x0, 0xd3, 0x20, 0xf,
    0x96, 0x80, 0x23, 0xcc, 0x3a, 0x19, 0x1b, 0x5f,
    0x28, 0x4, 0xd2, 0x1, 0xc5, 0x40, 0x13, 0x61,
    0x80, 0x7e, 0x1a, 0xa0, 0x4, 0xca, 0x1, 0xa4,
    0x2, 0x69, 0x0, 0xff, 0xe0, 0x2d, 0x0, 0x56,
    0x1, 0x1a, 0x0, 0xe, 0x40, 0x3f, 0xf8, 0x4a,
    0xc0, 0x1, 0x70, 0x5, 0x0, 0x5e, 0x1, 0xff,
    0xc4, 0x91, 0x0, 0x50, 0x1, 0xc0, 0x4, 0x60,
    0x1f, 0xfc, 0x57, 0x0, 0x11, 0x4, 0x40, 0x5,
    0x0, 0xff, 0xe3, 0x60, 0x4, 0xe4, 0x1, 0x70,
    0x7, 0xff, 0x19, 0xc0, 0x22, 0x70, 0x8, 0xc0,
    0x3f, 0xf8, 0xc6, 0x1, 0x9c, 0x2, 0x30, 0xf,
    0xfe, 0x31, 0x80, 0x62, 0x0, 0xb8, 0x3, 0xff,
    0x8c, 0xe0, 0x11, 0x8, 0x80, 0xa, 0x1, 0xff,
    0xc6, 0xc0, 0x9, 0xc1, 0xc0, 0x4, 0x60, 0x1f,
    0xfc, 0x57, 0x0, 0x11, 0x2, 0x80, 0x2f, 0x0,
    0xff, 0xe2, 0x40, 0x80, 0x28, 0x0, 0x68, 0x0,
    0x39, 0x0, 0xff, 0xe1, 0x2b, 0x80, 0x5, 0x80,
    0x29, 0x0, 0x9a, 0x0, 0x3f, 0xf8, 0xb, 0x40,
    0x15, 0x88, 0x4, 0x54, 0x1, 0x3e, 0x18, 0x7,
    0xe1, 0x9a, 0x0, 0x99, 0x40, 0x39, 0x64, 0x2,
    0x3c, 0xc3, 0xa1, 0x91, 0xb5, 0x73, 0x0, 0x4b,
    0x20, 0x1f, 0x36, 0x10, 0x4, 0x71, 0x79, 0xb9,
    0x2a, 0x1, 0xa2, 0x80, 0x3f, 0x8f, 0x60, 0x40,
    0x3f, 0xe6, 0xe7, 0x0, 0xff, 0xe0, 0x3f, 0x5b,
    0x18, 0x80, 0x4, 0x96, 0x7a, 0x44, 0x3, 0xc0,

    /* U+00D5 "Õ" */
    0x0, 0xfe, 0x2c, 0xfd, 0x40, 0xd, 0x36, 0x20,
    0x1f, 0xfc, 0x4c, 0x30, 0x2b, 0x60, 0x9, 0xd0,
    0x40, 0x3f, 0xf8, 0x6c, 0x25, 0x94, 0x32, 0xe1,
    0x2, 0x80, 0x1f, 0xfc, 0x4c, 0x8, 0x35, 0xd1,
    0x8f, 0x70, 0x80, 0xf, 0xfe, 0x23, 0xa, 0x0,
    0xf, 0xd4, 0x4e, 0xcc, 0x3, 0xff, 0x89, 0x9c,
    0x20, 0x10, 0xd7, 0x62, 0x0, 0x7f, 0xf8, 0x92,
    0x73, 0xbf, 0xdd, 0x94, 0xa2, 0x1, 0xff, 0xc3,
    0x7e, 0xb6, 0x31, 0x0, 0x9, 0xad, 0x74, 0x88,
    0x7, 0xfc, 0x7b, 0x2, 0x1, 0xff, 0x37, 0x30,
    0x7, 0xf2, 0xe1, 0x0, 0x47, 0x17, 0x9b, 0x92,
    0x80, 0x1a, 0x64, 0x1, 0xf2, 0xd0, 0x4, 0x79,
    0x87, 0x43, 0x23, 0x6b, 0xe5, 0x0, 0x9a, 0x40,
    0x38, 0xa8, 0x2, 0x6c, 0x30, 0xf, 0xc3, 0x54,
    0x0, 0x99, 0x40, 0x34, 0x80, 0x4d, 0x20, 0x1f,
    0xfc, 0x5, 0xa0, 0xa, 0xc0, 0x23, 0x40, 0x1,
    0xc8, 0x7, 0xff, 0x9, 0x58, 0x0, 0x2e, 0x0,
    0xa0, 0xb, 0xc0, 0x3f, 0xf8, 0x92, 0x20, 0xa,
    0x0, 0x38, 0x0, 0x8c, 0x3, 0xff, 0x8a, 0xe0,
    0x2, 0x20, 0x88, 0x0, 0xa0, 0x1f, 0xfc, 0x6c,
    0x0, 0x9c, 0x80, 0x2e, 0x0, 0xff, 0xe3, 0x38,
    0x4, 0x4e, 0x1, 0x18, 0x7, 0xff, 0x18, 0xc0,
    0x33, 0x80, 0x46, 0x1, 0xff, 0xc6, 0x30, 0xc,
    0x40, 0x17, 0x0, 0x7f, 0xf1, 0x9c, 0x2, 0x21,
    0x10, 0x1, 0x40, 0x3f, 0xf8, 0xd8, 0x1, 0x38,
    0x38, 0x0, 0x8c, 0x3, 0xff, 0x8a, 0xe0, 0x2,
    0x20, 0x50, 0x5, 0xe0, 0x1f, 0xfc, 0x48, 0x10,
    0x5, 0x0, 0xd, 0x0, 0x7, 0x20, 0x1f, 0xfc,
    0x25, 0x70, 0x0, 0xb0, 0x5, 0x20, 0x13, 0x40,
    0x7, 0xff, 0x1, 0x68, 0x2, 0xb1, 0x0, 0x8a,
    0x80, 0x27, 0xc3, 0x0, 0xfc, 0x33, 0x40, 0x13,
    0x28, 0x7, 0x2c, 0x80, 0x47, 0x98, 0x74, 0x32,
    0x36, 0xae, 0x60, 0x9, 0x64, 0x3, 0xe6, 0xc2,
    0x0, 0x8e, 0x2f, 0x37, 0x25, 0x40, 0x34, 0x50,
    0x7, 0xf1, 0xec, 0x8, 0x7, 0xfc, 0xdc, 0xe0,
    0x1f, 0xfc, 0x7, 0xeb, 0x63, 0x10, 0x0, 0x92,
    0xcf, 0x48, 0x80, 0x78,

    /* U+00D6 "Ö" */
    0x0, 0xfe, 0x29, 0x70, 0xc, 0x92, 0x80, 0x1f,
    0xfc, 0x6f, 0x68, 0x70, 0x1, 0x5b, 0x59, 0x0,
    0x7f, 0xf1, 0x48, 0x1, 0xc0, 0x6, 0x0, 0x98,
    0x3, 0xff, 0x8b, 0x22, 0x56, 0x0, 0x45, 0x5,
    0x40, 0xf, 0xfe, 0x2b, 0x76, 0x90, 0x5, 0x5f,
    0x40, 0x1f, 0xff, 0xe4, 0x9c, 0xef, 0xf7, 0x65,
    0x28, 0x80, 0x7f, 0xf0, 0xdf, 0xad, 0x8c, 0x40,
    0x2, 0x6b, 0x5d, 0x22, 0x1, 0xff, 0x1e, 0xc0,
    0x80, 0x7f, 0xcd, 0xcc, 0x1, 0xfc, 0xb8, 0x40,
    0x11, 0xc5, 0xe6, 0xe4, 0xa0, 0x6, 0x99, 0x0,
    0x7c, 0xb4, 0x1, 0x1e, 0x61, 0xd0, 0xc8, 0xda,
    0xf9, 0x40, 0x26, 0x90, 0xe, 0x2a, 0x0, 0x9b,
    0xc, 0x3, 0xf0, 0xd5, 0x0, 0x26, 0x50, 0xd,
    0x20, 0x13, 0x48, 0x7, 0xff, 0x1, 0x68, 0x2,
    0xb0, 0x8, 0xd0, 0x0, 0x72, 0x1, 0xff, 0xc2,
    0x56, 0x0, 0xb, 0x80, 0x28, 0x2, 0xf0, 0xf,
    0xfe, 0x24, 0x88, 0x2, 0x80, 0xe, 0x0, 0x23,
    0x0, 0xff, 0xe2, 0xb8, 0x0, 0x88, 0x22, 0x0,
    0x28, 0x7, 0xff, 0x1b, 0x0, 0x27, 0x20, 0xb,
    0x80, 0x3f, 0xf8, 0xce, 0x1, 0x13, 0x80, 0x46,
    0x1, 0xff, 0xc6, 0x30, 0xc, 0xe0, 0x11, 0x80,
    0x7f, 0xf1, 0x8c, 0x3, 0x10, 0x5, 0xc0, 0x1f,
    0xfc, 0x67, 0x0, 0x88, 0x44, 0x0, 0x50, 0xf,
    0xfe, 0x36, 0x0, 0x4e, 0xe, 0x0, 0x23, 0x0,
    0xff, 0xe2, 0xb8, 0x0, 0x88, 0x14, 0x1, 0x78,
    0x7, 0xff, 0x12, 0x4, 0x1, 0x40, 0x3, 0x40,
    0x1, 0xc8, 0x7, 0xff, 0x9, 0x5c, 0x0, 0x2c,
    0x1, 0x48, 0x4, 0xd0, 0x1, 0xff, 0xc0, 0x5a,
    0x0, 0xac, 0x40, 0x22, 0xa0, 0x9, 0xf0, 0xc0,
    0x3f, 0xc, 0xd0, 0x4, 0xca, 0x1, 0xcb, 0x20,
    0x11, 0xe6, 0x1d, 0xc, 0x8d, 0xab, 0x98, 0x2,
    0x59, 0x0, 0xf9, 0xb0, 0x80, 0x23, 0x8b, 0xcd,
    0xc9, 0x50, 0xd, 0x14, 0x1, 0xfc, 0x7b, 0x2,
    0x1, 0xff, 0x37, 0x38, 0x7, 0xff, 0x1, 0xfa,
    0xd8, 0xc4, 0x0, 0x24, 0xb3, 0xd2, 0x20, 0x1e,

    /* U+00D7 "×" */
    0x0, 0xff, 0xe2, 0xda, 0x80, 0x7c, 0xd6, 0x1,
    0x5a, 0x53, 0x0, 0x73, 0x4a, 0x58, 0x0, 0x80,
    0x12, 0xc0, 0x13, 0x48, 0x0, 0x80, 0x12, 0xc0,
    0x9, 0x60, 0x79, 0x0, 0x34, 0x80, 0x52, 0xc0,
    0x9, 0xa8, 0x0, 0x34, 0x80, 0x74, 0xb0, 0x1,
    0x40, 0xd, 0x20, 0x1f, 0x49, 0x80, 0x49, 0x20,
    0x1f, 0x98, 0xc0, 0x24, 0x60, 0xf, 0x9e, 0x40,
    0x6, 0x0, 0x96, 0x0, 0xe7, 0x80, 0x3, 0xe3,
    0x0, 0x25, 0x80, 0x27, 0x80, 0x3, 0xc0, 0x4b,
    0x0, 0x25, 0xc0, 0x16, 0x0, 0x78, 0x0, 0xa5,
    0x80, 0x16, 0x0, 0xd2, 0x78, 0x0, 0xe9, 0x62,
    0xd0, 0x0, 0xec, 0x0, 0x7d, 0x3a, 0x20,

    /* U+00D8 "Ø" */
    0x0, 0xff, 0xe5, 0xa4, 0x40, 0x40, 0x3f, 0xf9,
    0x65, 0x6e, 0x42, 0x1, 0xff, 0xcb, 0xf0, 0x2a,
    0x0, 0xff, 0x92, 0x73, 0xbf, 0xdd, 0x94, 0xa2,
    0x12, 0x41, 0xc0, 0x1f, 0xe7, 0xeb, 0x63, 0x10,
    0x0, 0x9a, 0xd7, 0x7b, 0x4, 0x18, 0x7, 0xe3,
    0xd8, 0x10, 0xf, 0xfe, 0x13, 0x80, 0x7e, 0x5c,
    0x20, 0x8, 0xe2, 0xf3, 0x72, 0x50, 0x3, 0xa4,
    0x3, 0xe5, 0xa0, 0x8, 0xf3, 0xe, 0x86, 0x46,
    0xd6, 0xa0, 0x19, 0xa4, 0x3, 0x8a, 0x80, 0x26,
    0xc3, 0x0, 0xf9, 0x14, 0x4, 0x2, 0x65, 0x0,
    0xd2, 0x1, 0x34, 0x80, 0x7e, 0x1a, 0x3, 0xea,
    0x0, 0xac, 0x2, 0x34, 0x0, 0x1c, 0x80, 0x7f,
    0x50, 0x8b, 0x41, 0x58, 0x0, 0x2e, 0x0, 0xa0,
    0xb, 0xc0, 0x3f, 0x9d, 0x2, 0x84, 0x1, 0x22,
    0x0, 0xa0, 0x3, 0x80, 0x8, 0xc0, 0x3f, 0x1c,
    0x3, 0x20, 0x6, 0x70, 0x1, 0x10, 0x44, 0x0,
    0x50, 0xf, 0xc3, 0xa0, 0x72, 0x1, 0xd8, 0x1,
    0x39, 0x0, 0x5c, 0x1, 0xfa, 0x84, 0x38, 0x3,
    0xce, 0x1, 0x13, 0x80, 0x46, 0x1, 0xf3, 0x20,
    0x51, 0x0, 0x78, 0xc0, 0x33, 0x80, 0x46, 0x1,
    0xe3, 0x90, 0x55, 0x0, 0x7c, 0x60, 0x18, 0x80,
    0x2e, 0x0, 0xf7, 0x1, 0x50, 0x7, 0xe7, 0x0,
    0x88, 0x44, 0x0, 0x50, 0xe, 0xa2, 0xe, 0x0,
    0xfe, 0xc0, 0x9, 0xc1, 0xc0, 0x4, 0x60, 0x12,
    0xa8, 0x24, 0xc0, 0x3f, 0x9c, 0x0, 0x44, 0xa,
    0x0, 0xbc, 0x0, 0x54, 0x8, 0xc0, 0x1f, 0xd0,
    0x20, 0xa, 0x0, 0x1a, 0x0, 0xe, 0x43, 0x80,
    0x68, 0x3, 0xf9, 0x5c, 0x0, 0x2c, 0x1, 0x48,
    0x4, 0xde, 0x61, 0xa2, 0x1, 0xf9, 0x68, 0x2,
    0xb1, 0x0, 0x8a, 0x80, 0x39, 0xc, 0x3, 0xe1,
    0x9a, 0x0, 0x99, 0x40, 0x39, 0x64, 0x3, 0x26,
    0x3a, 0x19, 0x1b, 0x57, 0x30, 0x4, 0xb2, 0x1,
    0xf3, 0x0, 0x71, 0xc5, 0xe6, 0xe4, 0xa8, 0x6,
    0x8a, 0x0, 0xfd, 0x0, 0x3, 0x10, 0xf, 0xf9,
    0xb9, 0xc0, 0x3f, 0x23, 0x83, 0xe7, 0x5b, 0x18,
    0x80, 0x4, 0x96, 0x7a, 0x44, 0x3, 0xf0, 0xd0,
    0x1c, 0x0, 0x12, 0x73, 0xbf, 0xdd, 0xb4, 0xc2,
    0x1, 0xfe, 0xa1, 0xe, 0x0, 0xff, 0xe5, 0x0,

    /* U+00D9 "Ù" */
    0x0, 0xea, 0xff, 0xa0, 0x3, 0xff, 0x8b, 0x4e,
    0x0, 0x78, 0x0, 0xff, 0xe2, 0xc5, 0x0, 0x1e,
    0x0, 0x3f, 0xf8, 0xab, 0x82, 0xe, 0xe0, 0xf,
    0xfe, 0x29, 0xf9, 0x84, 0x38, 0x7, 0xff, 0x14,
    0x73, 0xfc, 0xe0, 0x1f, 0xfd, 0x27, 0xff, 0x88,
    0x3, 0xff, 0x83, 0x3f, 0xee, 0x0, 0xff, 0xff,
    0x80, 0x7f, 0xff, 0xc0, 0x3f, 0xff, 0xe0, 0x1f,
    0xff, 0x11, 0x0, 0x84, 0x3, 0xff, 0x82, 0x60,
    0x3, 0x30, 0x4, 0xe0, 0x1f, 0xfc, 0x11, 0x0,
    0x8, 0x80, 0x22, 0x0, 0xff, 0xe0, 0xa8, 0x1,
    0xd0, 0x2, 0xc0, 0xf, 0xfe, 0x1, 0x8, 0x3,
    0x0, 0xc0, 0xa, 0x20, 0x1f, 0xf5, 0x0, 0x48,
    0x14, 0x1, 0x58, 0x7, 0xf8, 0xdc, 0x0, 0x46,
    0xc, 0x40, 0x5, 0xa0, 0xf, 0xc9, 0xa0, 0x14,
    0x0, 0x5c, 0x1, 0x2f, 0x42, 0x99, 0x1b, 0x65,
    0x88, 0x1, 0x94, 0x2, 0x3b, 0x0, 0x85, 0xeb,
    0x37, 0x24, 0xc0, 0x25, 0x90, 0xe, 0x4d, 0x40,
    0xf, 0xf0, 0xcd, 0x0, 0x7c, 0x57, 0xb0, 0x82,
    0x0, 0x12, 0x6a, 0xe6, 0x0, 0xc0,

    /* U+00DA "Ú" */
    0x0, 0xff, 0xe0, 0x17, 0x7f, 0xc8, 0x1, 0xff,
    0xc3, 0x2c, 0x10, 0x2d, 0x40, 0xf, 0xfe, 0x10,
    0xf8, 0x82, 0x61, 0x0, 0x7f, 0xf0, 0x87, 0x8,
    0x1a, 0xc4, 0x3, 0xff, 0x84, 0x38, 0x41, 0x32,
    0x0, 0xff, 0xe2, 0xe, 0xff, 0x98, 0x3, 0xff,
    0xa6, 0xff, 0xf1, 0x0, 0x7f, 0xf0, 0x67, 0xfd,
    0xc0, 0x1f, 0xff, 0xf0, 0xf, 0xff, 0xf8, 0x7,
    0xff, 0xfc, 0x3, 0xff, 0xe2, 0x20, 0x10, 0x80,
    0x7f, 0xf0, 0x4c, 0x0, 0x66, 0x0, 0x9c, 0x3,
    0xff, 0x82, 0x20, 0x1, 0x10, 0x4, 0x40, 0x1f,
    0xfc, 0x15, 0x0, 0x3a, 0x0, 0x58, 0x1, 0xff,
    0xc0, 0x21, 0x0, 0x60, 0x18, 0x1, 0x44, 0x3,
    0xfe, 0xa0, 0x9, 0x2, 0x80, 0x2b, 0x0, 0xff,
    0x1b, 0x80, 0x8, 0xc1, 0x88, 0x0, 0xb4, 0x1,
    0xf9, 0x34, 0x2, 0x80, 0xb, 0x80, 0x25, 0xe8,
    0x53, 0x23, 0x6c, 0xb1, 0x0, 0x32, 0x80, 0x47,
    0x60, 0x10, 0xbd, 0x66, 0xe4, 0x98, 0x4, 0xb2,
    0x1, 0xc9, 0xa8, 0x1, 0xfe, 0x19, 0xa0, 0xf,
    0x8a, 0xf6, 0x10, 0x40, 0x2, 0x4d, 0x5c, 0xc0,
    0x18,

    /* U+00DB "Û" */
    0x0, 0xfc, 0x3b, 0xff, 0x30, 0x7, 0xff, 0x13,
    0x48, 0x2, 0x95, 0x0, 0xff, 0xe1, 0x61, 0x82,
    0x50, 0x2, 0x94, 0x3, 0xff, 0x81, 0x66, 0xd,
    0x6b, 0x82, 0x14, 0x80, 0x1f, 0xeb, 0x40, 0x89,
    0x0, 0x1e, 0x10, 0x5a, 0x0, 0x7f, 0x5f, 0xf9,
    0xc0, 0x31, 0x6f, 0xf9, 0x0, 0x3f, 0xf9, 0xcf,
    0xff, 0x10, 0x7, 0xff, 0x6, 0x7f, 0xdc, 0x1,
    0xff, 0xff, 0x0, 0xff, 0xff, 0x80, 0x7f, 0xff,
    0xc0, 0x3f, 0xfe, 0x22, 0x1, 0x8, 0x7, 0xff,
    0x4, 0xc0, 0x6, 0x60, 0x9, 0xc0, 0x3f, 0xf8,
    0x22, 0x0, 0x11, 0x0, 0x44, 0x1, 0xff, 0xc1,
    0x50, 0x3, 0xa0, 0x5, 0x80, 0x1f, 0xfc, 0x2,
    0x10, 0x6, 0x1, 0x80, 0x14, 0x40, 0x3f, 0xea,
    0x0, 0x90, 0x28, 0x2, 0xb0, 0xf, 0xf1, 0xb8,
    0x0, 0x8c, 0x18, 0x80, 0xb, 0x40, 0x1f, 0x93,
    0x40, 0x28, 0x0, 0xb8, 0x2, 0x5e, 0x85, 0x32,
    0x36, 0xcb, 0x10, 0x3, 0x28, 0x4, 0x76, 0x1,
    0xb, 0xd6, 0x6e, 0x49, 0x80, 0x4b, 0x20, 0x1c,
    0x9a, 0x80, 0x1f, 0xe1, 0x9a, 0x0, 0xf8, 0xaf,
    0x61, 0x4, 0x0, 0x24, 0xd5, 0xcc, 0x1, 0x80,

    /* U+00DC "Ü" */
    0x0, 0xf0, 0xcc, 0x0, 0x64, 0x95, 0x0, 0xff,
    0xe0, 0x53, 0x3c, 0x80, 0x6, 0xda, 0x90, 0x3,
    0xfe, 0x60, 0x1, 0x80, 0xc, 0x2, 0x10, 0xf,
    0xfa, 0x4, 0xa4, 0x0, 0x4c, 0x8, 0xa0, 0x1f,
    0xf2, 0xf6, 0x98, 0x5, 0x3f, 0x60, 0x1f, 0xfe,
    0x67, 0xff, 0x88, 0x3, 0xff, 0x83, 0x3f, 0xee,
    0x0, 0xff, 0xff, 0x80, 0x7f, 0xff, 0xc0, 0x3f,
    0xff, 0xe0, 0x1f, 0xff, 0x11, 0x0, 0x84, 0x3,
    0xff, 0x82, 0x60, 0x3, 0x30, 0x4, 0xe0, 0x1f,
    0xfc, 0x11, 0x0, 0x8, 0x80, 0x22, 0x0, 0xff,
    0xe0, 0xa8, 0x1, 0xd0, 0x2, 0xc0, 0xf, 0xfe,
    0x1, 0x8, 0x3, 0x0, 0xc0, 0xa, 0x20, 0x1f,
    0xf5, 0x0, 0x48, 0x14, 0x1, 0x58, 0x7, 0xf8,
    0xdc, 0x0, 0x46, 0xc, 0x40, 0x5, 0xa0, 0xf,
    0xc9, 0xa0, 0x14, 0x0, 0x5c, 0x1, 0x2f, 0x42,
    0x99, 0x1b, 0x65, 0x88, 0x1, 0x94, 0x2, 0x3b,
    0x0, 0x85, 0xeb, 0x37, 0x24, 0xc0, 0x25, 0x90,
    0xe, 0x4d, 0x40, 0xf, 0xf0, 0xcd, 0x0, 0x7c,
    0x57, 0xb0, 0x82, 0x0, 0x12, 0x6a, 0xe6, 0x0,
    0xc0,

    /* U+00DD "Ý" */
    0x0, 0xff, 0xe1, 0x1c, 0x44, 0xc0, 0x1f, 0xfc,
    0x74, 0xc7, 0x72, 0x38, 0x7, 0xff, 0x19, 0x6c,
    0x0, 0xf8, 0x20, 0x1f, 0xfc, 0x56, 0xa0, 0x1b,
    0x80, 0xf, 0xfe, 0x33, 0xc8, 0x1f, 0xa0, 0x7,
    0xff, 0x1d, 0xff, 0xd8, 0x20, 0x1f, 0xfd, 0x8d,
    0xff, 0x70, 0x80, 0x7f, 0xf0, 0x9b, 0xfe, 0x20,
    0xe0, 0x0, 0xc0, 0x7, 0xff, 0x4, 0x64, 0x0,
    0xe4, 0x6, 0xc0, 0x6, 0x30, 0xf, 0xfe, 0x5,
    0x80, 0xa, 0x0, 0x28, 0x10, 0x7, 0x0, 0x7f,
    0xc8, 0xa0, 0x9, 0x0, 0xc3, 0x0, 0x2, 0x70,
    0xf, 0xf4, 0x80, 0x15, 0x0, 0x39, 0x8c, 0x1,
    0x2, 0x1, 0xfa, 0x8, 0x1, 0x60, 0x1f, 0x70,
    0x5, 0x60, 0x1f, 0x13, 0x80, 0x20, 0x40, 0x3e,
    0x27, 0x0, 0x2a, 0x0, 0x7a, 0x40, 0x4, 0xe0,
    0x1f, 0xd0, 0x20, 0x9, 0x0, 0xe5, 0x40, 0x7,
    0x0, 0x7f, 0xd4, 0x0, 0x28, 0x0, 0x86, 0xc0,
    0xc, 0x60, 0x1f, 0xf2, 0x20, 0x0, 0xe4, 0x0,
    0x81, 0x1, 0x80, 0xf, 0xfe, 0xd, 0x0, 0x52,
    0x6, 0xc0, 0x8, 0x10, 0xf, 0xfe, 0x8, 0xc0,
    0x1, 0x17, 0xc0, 0x6, 0xc0, 0x1f, 0xfc, 0x37,
    0x20, 0x5, 0x18, 0x3, 0x80, 0x3f, 0xf8, 0xbc,
    0x1, 0xce, 0x40, 0x1f, 0xfc, 0x53, 0x60, 0x8,
    0x60, 0x3, 0xff, 0x8f, 0x60, 0x14, 0x80, 0x7f,
    0xf3, 0x4, 0x3, 0xff, 0xfe, 0x1, 0xff, 0xff,
    0x0, 0xff, 0xeb, 0x80,

    /* U+00DE "Þ" */
    0x3f, 0xf9, 0x80, 0x3f, 0xfe, 0xb3, 0xff, 0xf6,
    0xdb, 0x90, 0x7, 0xff, 0x18, 0x92, 0x36, 0xc8,
    0x3, 0xff, 0x90, 0x9a, 0xa0, 0x1f, 0x4f, 0x77,
    0xb6, 0xdc, 0x80, 0x2a, 0x50, 0xf, 0x84, 0x7c,
    0x49, 0x1a, 0xe0, 0x15, 0x80, 0x7f, 0xf1, 0x61,
    0xc0, 0x2, 0xe0, 0x1f, 0xfc, 0x58, 0x10, 0x5,
    0x80, 0x7f, 0xf1, 0x90, 0x0, 0x60, 0x1f, 0xfc,
    0x62, 0x0, 0x84, 0x3, 0xff, 0xb6, 0x40, 0x10,
    0x80, 0x7f, 0xf1, 0x50, 0x0, 0x60, 0x1f, 0xfc,
    0x58, 0x10, 0x5, 0x80, 0x7f, 0xf1, 0x1d, 0xc0,
    0x1, 0x60, 0xf, 0xfe, 0x0, 0x9b, 0xec, 0x0,
    0x56, 0x20, 0x1d, 0x3f, 0xfe, 0xec, 0x82, 0x0,
    0xa5, 0x40, 0x3f, 0xf8, 0xc7, 0xac, 0x1, 0xff,
    0xc3, 0x14, 0x7d, 0xc2, 0x0, 0xfd, 0x3f, 0xff,
    0x75, 0xc1, 0x0, 0x7f, 0xff, 0x0,

    /* U+00DF "ß" */
    0x0, 0xe5, 0xad, 0xff, 0x76, 0x41, 0x80, 0x7f,
    0x1e, 0xd2, 0x90, 0x0, 0x4d, 0xf2, 0x84, 0x3,
    0xcd, 0x84, 0x1, 0xfc, 0xb8, 0x20, 0x18, 0xe4,
    0x2, 0x6c, 0xff, 0x75, 0xa0, 0x0, 0xb4, 0x3,
    0x70, 0x5, 0x92, 0x60, 0x1, 0x4b, 0x70, 0x1,
    0xa0, 0x0, 0xc8, 0x1, 0x26, 0x1, 0xf4, 0x8,
    0x3, 0x0, 0x8, 0x1, 0x30, 0x7, 0xf2, 0x80,
    0x8, 0x1, 0xa0, 0x2, 0x0, 0xff, 0x38, 0x0,
    0x80, 0x2, 0x0, 0x60, 0xf, 0xe1, 0x30, 0x6,
    0x0, 0x7f, 0xf0, 0xe8, 0x0, 0x48, 0x1, 0xff,
    0xc0, 0x16, 0xd4, 0x1, 0xf0, 0xf, 0xf9, 0xbb,
    0x92, 0x40, 0x58, 0x40, 0x1f, 0xf0, 0x88, 0x3,
    0x14, 0x98, 0x7, 0xff, 0x19, 0x31, 0xc0, 0x3f,
    0xcf, 0xff, 0x63, 0x88, 0x2, 0x1c, 0x3, 0xff,
    0x82, 0x71, 0xe4, 0x0, 0x81, 0x0, 0xff, 0xe1,
    0xf, 0x80, 0x4c, 0x1, 0xff, 0xc3, 0x23, 0x0,
    0x60, 0x7, 0xff, 0x11, 0xc0, 0xe, 0x1, 0xff,
    0xc4, 0x70, 0x3, 0x80, 0x7f, 0xf0, 0xc4, 0xc0,
    0x6, 0x1, 0xff, 0xc3, 0xd0, 0xa, 0xc0, 0x3e,
    0x33, 0x8, 0x0, 0x9b, 0x4c, 0x0, 0xa6, 0x1,
    0xf4, 0xe7, 0x7f, 0xb6, 0x48, 0x0, 0x74, 0x1,
    0xf9, 0xc0, 0x3f, 0x3e, 0x0, 0x7f, 0x29, 0x88,
    0x0, 0x92, 0x36, 0x0, 0x20,

    /* U+00E0 "à" */
    0x0, 0x9f, 0xfe, 0xc0, 0xf, 0xfe, 0xb, 0xe0,
    0x81, 0xe0, 0x80, 0x7f, 0xf0, 0xf, 0xd0, 0xf,
    0x8, 0x3, 0xff, 0x80, 0x37, 0x0, 0x58, 0x40,
    0x1f, 0xfc, 0x17, 0xc7, 0x65, 0x0, 0xff, 0xe1,
    0x1c, 0x41, 0xc0, 0x3f, 0xfa, 0x7, 0x17, 0xdf,
    0xee, 0xc8, 0x20, 0xf, 0x2e, 0xe3, 0xa0, 0x80,
    0x4, 0xdf, 0x68, 0x3, 0x35, 0x10, 0x7, 0xf9,
    0x70, 0x2, 0x70, 0x0, 0xbe, 0x7f, 0xdb, 0x22,
    0x0, 0x37, 0x0, 0xc, 0xc7, 0x41, 0x80, 0x44,
    0xde, 0x20, 0x9, 0x0, 0x99, 0xc0, 0x3f, 0xc,
    0x0, 0x4, 0x80, 0x3f, 0xf8, 0x28, 0x1, 0x30,
    0x7, 0xff, 0x4, 0xc0, 0x21, 0x0, 0x85, 0xef,
    0xbf, 0xfd, 0xc0, 0x11, 0x80, 0x17, 0xa1, 0x4,
    0x3, 0xff, 0x80, 0x94, 0x1, 0x23, 0xc4, 0x78,
    0x3, 0xa4, 0x0, 0x3b, 0x70, 0xef, 0xcc, 0x1,
    0x84, 0x80, 0x10, 0x40, 0x1f, 0xfc, 0x3, 0x0,
    0x94, 0x3, 0xf2, 0x80, 0x63, 0x0, 0x94, 0x3,
    0xf4, 0x80, 0x61, 0x30, 0x4, 0x18, 0x7, 0x16,
    0x90, 0x7, 0x78, 0x0, 0x72, 0xe1, 0xe3, 0x34,
    0x84, 0x3, 0x8e, 0xc4, 0x0, 0x8f, 0xe, 0x60,
    0x5a, 0x20, 0x1c, 0x9f, 0x28, 0x20, 0x2, 0x59,
    0xd3, 0x0, 0xc0,

    /* U+00E1 "á" */
    0x0, 0xff, 0xe, 0x7f, 0xcc, 0x1, 0xff, 0xe,
    0x18, 0x16, 0x30, 0x7, 0xf8, 0xbc, 0x81, 0x74,
    0xc0, 0x3f, 0xc7, 0x82, 0x13, 0x40, 0x1f, 0xfc,
    0x4, 0x67, 0xd6, 0x0, 0xff, 0xe0, 0xbc, 0x40,
    0x80, 0x3f, 0xfa, 0x27, 0x17, 0xdf, 0xee, 0xc8,
    0x20, 0xf, 0x2e, 0xe3, 0xa0, 0x80, 0x4, 0xdf,
    0x68, 0x3, 0x35, 0x10, 0x7, 0xf9, 0x70, 0x2,
    0x70, 0x0, 0xbe, 0x7f, 0xdb, 0x22, 0x0, 0x37,
    0x0, 0xc, 0xc7, 0x41, 0x80, 0x44, 0xde, 0x20,
    0x9, 0x0, 0x99, 0xc0, 0x3f, 0xc, 0x0, 0x4,
    0x80, 0x3f, 0xf8, 0x28, 0x1, 0x30, 0x7, 0xff,
    0x4, 0xc0, 0x21, 0x0, 0x85, 0xef, 0xbf, 0xfd,
    0xc0, 0x11, 0x80, 0x17, 0xa1, 0x4, 0x3, 0xff,
    0x80, 0x94, 0x1, 0x23, 0xc4, 0x78, 0x3, 0xa4,
    0x0, 0x3b, 0x70, 0xef, 0xcc, 0x1, 0x84, 0x80,
    0x10, 0x40, 0x1f, 0xfc, 0x3, 0x0, 0x94, 0x3,
    0xf2, 0x80, 0x63, 0x0, 0x94, 0x3, 0xf4, 0x80,
    0x61, 0x30, 0x4, 0x18, 0x7, 0x16, 0x90, 0x7,
    0x78, 0x0, 0x72, 0xe1, 0xe3, 0x34, 0x84, 0x3,
    0x8e, 0xc4, 0x0, 0x8f, 0xe, 0x60, 0x5a, 0x20,
    0x1c, 0x9f, 0x28, 0x20, 0x2, 0x59, 0xd3, 0x0,
    0xc0,

    /* U+00E2 "â" */
    0x0, 0xfa, 0xff, 0xea, 0x0, 0xff, 0xe0, 0x5a,
    0x0, 0x4b, 0x40, 0x1f, 0xec, 0x40, 0x6e, 0x50,
    0x5b, 0x0, 0xf8, 0x70, 0xc2, 0x64, 0x35, 0x0,
    0x98, 0x20, 0x1c, 0x88, 0x7c, 0x60, 0x9, 0xed,
    0xd1, 0x0, 0x1c, 0xb1, 0x3, 0x0, 0xe4, 0x88,
    0x28, 0x7, 0xff, 0x30, 0xe2, 0xfb, 0xfd, 0xd9,
    0x4, 0x1, 0xe5, 0xdc, 0x74, 0x10, 0x0, 0x9b,
    0xed, 0x0, 0x66, 0xa2, 0x0, 0xff, 0x2e, 0x0,
    0x4e, 0x0, 0x17, 0xcf, 0xfb, 0x64, 0x40, 0x6,
    0xe0, 0x1, 0x98, 0xe8, 0x30, 0x8, 0x9b, 0xc4,
    0x1, 0x20, 0x13, 0x38, 0x7, 0xe1, 0x80, 0x0,
    0x90, 0x7, 0xff, 0x5, 0x0, 0x26, 0x0, 0xff,
    0xe0, 0x98, 0x4, 0x20, 0x10, 0xbd, 0xf7, 0xff,
    0xb8, 0x2, 0x30, 0x2, 0xf4, 0x20, 0x80, 0x7f,
    0xf0, 0x12, 0x80, 0x24, 0x78, 0x8f, 0x0, 0x74,
    0x80, 0x7, 0x6e, 0x1d, 0xf9, 0x80, 0x30, 0x90,
    0x2, 0x8, 0x3, 0xff, 0x80, 0x60, 0x12, 0x80,
    0x7e, 0x50, 0xc, 0x60, 0x12, 0x80, 0x7e, 0x90,
    0xc, 0x26, 0x0, 0x83, 0x0, 0xe2, 0xd2, 0x0,
    0xef, 0x0, 0xe, 0x5c, 0x3c, 0x66, 0x90, 0x80,
    0x71, 0xd8, 0x80, 0x11, 0xe1, 0xcc, 0xb, 0x44,
    0x3, 0x93, 0xe5, 0x4, 0x0, 0x4b, 0x3a, 0x60,
    0x18,

    /* U+00E3 "ã" */
    0x0, 0xc3, 0x5f, 0xd4, 0x40, 0x14, 0x7b, 0x80,
    0x7b, 0x54, 0x5, 0x75, 0x80, 0x98, 0x10, 0x3,
    0x90, 0xc6, 0xb1, 0x42, 0x7f, 0x45, 0xc, 0x3,
    0x8c, 0x25, 0x4e, 0xb1, 0x0, 0xb, 0x40, 0x1e,
    0x7f, 0x70, 0x8, 0xef, 0xfd, 0x42, 0x1, 0xff,
    0xdf, 0x38, 0xbe, 0xff, 0x76, 0x41, 0x0, 0x79,
    0x77, 0x1d, 0x4, 0x0, 0x26, 0xfb, 0x40, 0x19,
    0xa8, 0x80, 0x3f, 0xcb, 0x80, 0x13, 0x80, 0x5,
    0xf3, 0xfe, 0xd9, 0x10, 0x1, 0xb8, 0x0, 0x66,
    0x3a, 0xc, 0x2, 0x26, 0xf1, 0x0, 0x48, 0x4,
    0xce, 0x1, 0xf8, 0x60, 0x0, 0x24, 0x1, 0xff,
    0xc1, 0x40, 0x9, 0x80, 0x3f, 0xf8, 0x26, 0x1,
    0x8, 0x4, 0x2f, 0x7d, 0xff, 0xee, 0x0, 0x8c,
    0x0, 0xbd, 0x8, 0x20, 0x1f, 0xfc, 0x4, 0xa0,
    0x9, 0x1e, 0x23, 0xc0, 0x1d, 0x20, 0x1, 0xdb,
    0x87, 0x7e, 0x60, 0xc, 0x24, 0x0, 0x82, 0x0,
    0xff, 0xe0, 0x18, 0x4, 0xa0, 0x1f, 0x94, 0x3,
    0x18, 0x4, 0xa0, 0x1f, 0xa4, 0x3, 0x9, 0x80,
    0x20, 0xc0, 0x38, 0xb4, 0x80, 0x3b, 0xc0, 0x3,
    0x97, 0xf, 0x19, 0xa4, 0x20, 0x1c, 0x76, 0x20,
    0x4, 0x78, 0x73, 0x2, 0xd1, 0x0, 0xe4, 0xf9,
    0x41, 0x0, 0x12, 0xce, 0x98, 0x6,

    /* U+00E4 "ä" */
    0x0, 0xe7, 0x91, 0x0, 0x8a, 0x5c, 0x3, 0xf4,
    0x41, 0xb4, 0x2, 0xf6, 0x87, 0x0, 0xf8, 0x80,
    0x4, 0x1, 0x10, 0x3, 0x80, 0x3e, 0x82, 0x1b,
    0x0, 0xa4, 0x4a, 0xc0, 0x3e, 0x2d, 0xe5, 0x0,
    0x9b, 0xb4, 0x80, 0x3f, 0xfb, 0xe7, 0x17, 0xdf,
    0xee, 0xc8, 0x20, 0xf, 0x2e, 0xe3, 0xa0, 0x80,
    0x4, 0xdf, 0x68, 0x3, 0x35, 0x10, 0x7, 0xf9,
    0x70, 0x2, 0x70, 0x0, 0xbe, 0x7f, 0xdb, 0x22,
    0x0, 0x37, 0x0, 0xc, 0xc7, 0x41, 0x80, 0x44,
    0xde, 0x20, 0x9, 0x0, 0x99, 0xc0, 0x3f, 0xc,
    0x0, 0x4, 0x80, 0x3f, 0xf8, 0x28, 0x1, 0x30,
    0x7, 0xff, 0x4, 0xc0, 0x21, 0x0, 0x85, 0xef,
    0xbf, 0xfd, 0xc0, 0x11, 0x80, 0x17, 0xa1, 0x4,
    0x3, 0xff, 0x80, 0x94, 0x1, 0x23, 0xc4, 0x78,
    0x3, 0xa4, 0x0, 0x3b, 0x70, 0xef, 0xcc, 0x1,
    0x84, 0x80, 0x10, 0x40, 0x1f, 0xfc, 0x3, 0x0,
    0x94, 0x3, 0xf2, 0x80, 0x63, 0x0, 0x94, 0x3,
    0xf4, 0x80, 0x61, 0x30, 0x4, 0x18, 0x7, 0x16,
    0x90, 0x7, 0x78, 0x0, 0x72, 0xe1, 0xe3, 0x34,
    0x84, 0x3, 0x8e, 0xc4, 0x0, 0x8f, 0xe, 0x60,
    0x5a, 0x20, 0x1c, 0x9f, 0x28, 0x20, 0x2, 0x59,
    0xd3, 0x0, 0xc0,

    /* U+00E5 "å" */
    0x0, 0xf9, 0xf7, 0xf5, 0x80, 0x3f, 0xf8, 0x11,
    0x1, 0x60, 0x97, 0x0, 0xff, 0x13, 0xae, 0x4e,
    0x9c, 0x8, 0x7, 0xf2, 0x84, 0x80, 0x50, 0x8,
    0x1, 0xff, 0x8, 0x4, 0xe0, 0x60, 0x1f, 0xc6,
    0x8, 0x1, 0x58, 0x28, 0x7, 0xf2, 0x14, 0xb1,
    0xbb, 0x90, 0xc0, 0x3f, 0xd8, 0x73, 0x90, 0x94,
    0x1, 0xff, 0xe, 0x62, 0xf6, 0xc4, 0x3, 0xff,
    0x82, 0x68, 0x40, 0x1f, 0xf1, 0xc5, 0xf7, 0xfb,
    0xb2, 0x8, 0x3, 0xcb, 0xb8, 0xe8, 0x20, 0x1,
    0x37, 0xda, 0x0, 0xcd, 0x44, 0x1, 0xfe, 0x5c,
    0x0, 0x9c, 0x0, 0x2f, 0x9f, 0xf6, 0xc8, 0x80,
    0xd, 0xc0, 0x3, 0x31, 0xd0, 0x60, 0x11, 0x37,
    0x88, 0x2, 0x40, 0x26, 0x70, 0xf, 0xc3, 0x0,
    0x1, 0x20, 0xf, 0xfe, 0xa, 0x0, 0x4c, 0x1,
    0xff, 0xc1, 0x30, 0x8, 0x40, 0x21, 0x7b, 0xef,
    0xff, 0x70, 0x4, 0x60, 0x5, 0xe8, 0x41, 0x0,
    0xff, 0xe0, 0x25, 0x0, 0x48, 0xf1, 0x1e, 0x0,
    0xe9, 0x0, 0xe, 0xdc, 0x3b, 0xf3, 0x0, 0x61,
    0x20, 0x4, 0x10, 0x7, 0xff, 0x0, 0xc0, 0x25,
    0x0, 0xfc, 0xa0, 0x18, 0xc0, 0x25, 0x0, 0xfd,
    0x20, 0x18, 0x4c, 0x1, 0x6, 0x1, 0xc5, 0xa4,
    0x1, 0xde, 0x0, 0x1c, 0xb8, 0x78, 0xcd, 0x21,
    0x0, 0xe3, 0xb1, 0x0, 0x23, 0xc3, 0x98, 0x16,
    0x88, 0x7, 0x27, 0xca, 0x8, 0x0, 0x96, 0x74,
    0xc0, 0x30,

    /* U+00E6 "æ" */
    0x0, 0xc7, 0x17, 0xdf, 0xee, 0xc8, 0x20, 0xe,
    0x27, 0xce, 0xff, 0x6c, 0x98, 0x7, 0xe5, 0xdc,
    0x74, 0x10, 0x0, 0x9b, 0xec, 0x80, 0x51, 0xb0,
    0x62, 0x0, 0x26, 0xcb, 0x10, 0xe, 0x6a, 0x20,
    0xf, 0xf3, 0x50, 0xe3, 0x80, 0x7f, 0x27, 0xa0,
    0x6, 0x70, 0x0, 0xbd, 0xf7, 0xfb, 0xa4, 0x40,
    0xb, 0xe6, 0x0, 0x4b, 0xff, 0xb1, 0x80, 0x3,
    0x44, 0x1, 0xc, 0xcb, 0xa1, 0x4, 0x0, 0x2d,
    0xe2, 0x0, 0x10, 0x5, 0x5a, 0x0, 0x47, 0x38,
    0x20, 0x3c, 0x1, 0x99, 0x80, 0x1f, 0x86, 0x0,
    0x34, 0xa8, 0x7, 0xc7, 0x40, 0x3, 0x50, 0xf,
    0xfe, 0x12, 0x0, 0x44, 0xc0, 0x1f, 0xc8, 0x80,
    0x7, 0x80, 0x7f, 0xf0, 0x8c, 0x2, 0x40, 0xf,
    0xfb, 0x40, 0x8, 0x1, 0x85, 0xef, 0xbf, 0xfd,
    0xc0, 0x13, 0x7f, 0xff, 0xd2, 0x0, 0x10, 0x9,
    0x7a, 0x10, 0x40, 0x3f, 0xf9, 0xc2, 0x9, 0x40,
    0x12, 0x3c, 0x47, 0x80, 0x24, 0x88, 0xff, 0xe1,
    0x88, 0x48, 0x0, 0xba, 0xe1, 0xdf, 0x98, 0x2,
    0x17, 0x7f, 0xfe, 0x18, 0x9, 0x0, 0x20, 0x40,
    0x3e, 0x30, 0x9, 0x44, 0x3, 0xff, 0x86, 0x60,
    0x13, 0x0, 0x7e, 0x40, 0xd, 0x60, 0x1f, 0xfc,
    0x33, 0x0, 0xac, 0x3, 0xe1, 0x80, 0xc, 0xb2,
    0x1, 0xf8, 0xb6, 0x0, 0x21, 0x40, 0x3, 0xb0,
    0x7, 0x26, 0x8, 0x29, 0x80, 0x1b, 0x9c, 0x80,
    0x2, 0x95, 0xa4, 0xec, 0x1, 0x48, 0x5, 0x3d,
    0x95, 0x7d, 0x64, 0x5, 0x7a, 0x40, 0x1, 0x8d,
    0xff, 0x75, 0xa8, 0x0, 0x54, 0x2, 0x2c, 0x20,
    0x0, 0x9a, 0xa0, 0x80, 0x17, 0x4, 0x5a, 0xe0,
    0x1f, 0xe4, 0xc3, 0x0, 0xc7, 0xb4, 0xa4, 0x0,
    0x13, 0x8d, 0xa1, 0x0, 0xa3, 0xa5, 0x8, 0x40,
    0x4d, 0xf2, 0xc8, 0x2,

    /* U+00E7 "ç" */
    0x0, 0xf2, 0x4e, 0x77, 0xfb, 0x65, 0x0, 0x3f,
    0x16, 0x5b, 0x18, 0x80, 0x9, 0xaf, 0x8, 0x3,
    0x9b, 0x4c, 0x3, 0xf8, 0xf4, 0xc0, 0x25, 0x90,
    0x9, 0x6f, 0xbf, 0xad, 0x0, 0x2d, 0x10, 0x2a,
    0x0, 0xae, 0x90, 0x40, 0x52, 0xe8, 0x0, 0xc2,
    0x10, 0x1, 0x5a, 0x0, 0x7c, 0xb5, 0xb0, 0x0,
    0x50, 0x2, 0xa0, 0x7, 0xf2, 0x90, 0x1, 0x0,
    0x2e, 0x0, 0xff, 0xe1, 0x10, 0x4, 0xa0, 0x1f,
    0xfc, 0x21, 0x0, 0x84, 0x3, 0xff, 0x84, 0x20,
    0x10, 0x80, 0x7f, 0xf0, 0x88, 0x2, 0x50, 0xf,
    0xfe, 0x12, 0x0, 0x5c, 0x1, 0xff, 0xc3, 0x50,
    0x2, 0xa0, 0x7, 0xf2, 0x90, 0x5, 0x0, 0x15,
    0x20, 0x7, 0xcb, 0x5b, 0x20, 0x2, 0xb0, 0x0,
    0xdd, 0x20, 0x80, 0xa5, 0x50, 0x0, 0xe2, 0x0,
    0x49, 0x0, 0x96, 0xfb, 0xfa, 0xd4, 0x2, 0xd1,
    0x0, 0x9b, 0x4c, 0x3, 0xf8, 0xf8, 0xc0, 0x38,
    0xb2, 0xd8, 0x40, 0x22, 0x6b, 0xc1, 0x0, 0xfc,
    0x93, 0x20, 0x7f, 0xd9, 0x40, 0xf, 0xfe, 0x6,
    0x0, 0x4, 0x3, 0xff, 0x86, 0x80, 0xfc, 0xc0,
    0x1f, 0xfc, 0x2e, 0xc5, 0x9, 0x10, 0xf, 0xfe,
    0x8, 0x9c, 0x0, 0x10, 0x3, 0xfe, 0x53, 0x1,
    0xa0, 0x3, 0x0, 0x7f, 0x86, 0xb3, 0xf9, 0xc1,
    0x4c, 0x3, 0xfc, 0x30, 0x62, 0x49, 0x54, 0x0,
    0xf0,

    /* U+00E8 "è" */
    0x0, 0x87, 0x3f, 0xe6, 0x0, 0xff, 0xe1, 0xe,
    0x38, 0x2, 0x5c, 0x3, 0xff, 0x87, 0x16, 0x21,
    0x10, 0x0, 0xff, 0xe1, 0xa7, 0xa0, 0x3d, 0x0,
    0x7f, 0xf0, 0xc6, 0xe5, 0xc8, 0xc0, 0x3f, 0xf8,
    0x8d, 0x10, 0x30, 0xf, 0xfe, 0xaa, 0xd6, 0xff,
    0xba, 0xd8, 0x40, 0x3f, 0x93, 0xa9, 0x48, 0x0,
    0x29, 0x3c, 0xc0, 0x1f, 0x45, 0x88, 0x4, 0x22,
    0x0, 0xd3, 0x40, 0x1c, 0xce, 0x0, 0x2a, 0xee,
    0xbe, 0xcc, 0x0, 0xb0, 0x1, 0x14, 0x80, 0x13,
    0x54, 0x40, 0x24, 0xc6, 0x0, 0x3a, 0x0, 0x20,
    0x0, 0x56, 0x1, 0xfa, 0x50, 0x1, 0x0, 0x2a,
    0x0, 0x80, 0xf, 0xf4, 0x0, 0xc, 0x54, 0x2,
    0x40, 0xf, 0xf1, 0x88, 0x1, 0x8, 0x2, 0xef,
    0xff, 0xf8, 0x40, 0x4, 0x20, 0x1f, 0xfc, 0x71,
    0x0, 0xa2, 0x3f, 0xf8, 0x68, 0x40, 0x12, 0x3b,
    0xff, 0xf0, 0x8d, 0x0, 0x2a, 0x0, 0xff, 0xe2,
    0x28, 0x1, 0x8c, 0x3, 0xfc, 0x20, 0x1a, 0x0,
    0x2c, 0x40, 0xf, 0xcf, 0xe4, 0x1, 0x14, 0x80,
    0x57, 0x65, 0x10, 0x1, 0x36, 0xc0, 0xf8, 0x80,
    0x4d, 0x0, 0x12, 0x57, 0x7f, 0xb6, 0x48, 0x0,
    0xe2, 0x1, 0x9f, 0x8, 0x3, 0xf8, 0x62, 0x80,
    0x3c, 0x7b, 0x6c, 0x62, 0x0, 0x25, 0x9e, 0x70,
    0x8,

    /* U+00E9 "é" */
    0x0, 0xff, 0x97, 0xfe, 0xd2, 0x0, 0xff, 0xe0,
    0xb5, 0x0, 0x1b, 0x48, 0x3, 0xff, 0x80, 0xf2,
    0x0, 0xa9, 0x0, 0xff, 0xe0, 0xc4, 0x0, 0xf5,
    0x40, 0x3f, 0xf8, 0x24, 0xf, 0x18, 0x40, 0x1f,
    0xfc, 0x22, 0x88, 0x38, 0x7, 0xff, 0x5d, 0x6b,
    0x7f, 0xdd, 0x6c, 0x20, 0x1f, 0xc9, 0xd4, 0xa4,
    0x0, 0x14, 0x9e, 0x60, 0xf, 0xa2, 0xc4, 0x2,
    0x11, 0x0, 0x69, 0xa0, 0xe, 0x67, 0x0, 0x15,
    0x77, 0x5f, 0x66, 0x0, 0x58, 0x0, 0x8a, 0x40,
    0x9, 0xaa, 0x20, 0x12, 0x63, 0x0, 0x1d, 0x0,
    0x10, 0x0, 0x2b, 0x0, 0xfd, 0x28, 0x0, 0x80,
    0x15, 0x0, 0x40, 0x7, 0xfa, 0x0, 0x6, 0x2a,
    0x1, 0x20, 0x7, 0xf8, 0xc4, 0x0, 0x84, 0x1,
    0x77, 0xff, 0xfc, 0x20, 0x2, 0x10, 0xf, 0xfe,
    0x38, 0x80, 0x51, 0x1f, 0xfc, 0x34, 0x20, 0x9,
    0x1d, 0xff, 0xf8, 0x46, 0x80, 0x15, 0x0, 0x7f,
    0xf1, 0x14, 0x0, 0xc6, 0x1, 0xfe, 0x10, 0xd,
    0x0, 0x16, 0x20, 0x7, 0xe7, 0xf2, 0x0, 0x8a,
    0x40, 0x2b, 0xb2, 0x88, 0x0, 0x9b, 0x60, 0x7c,
    0x40, 0x26, 0x80, 0x9, 0x2b, 0xbf, 0xdb, 0x24,
    0x0, 0x71, 0x0, 0xcf, 0x84, 0x1, 0xfc, 0x31,
    0x40, 0x1e, 0x3d, 0xb6, 0x31, 0x0, 0x12, 0xcf,
    0x38, 0x4,

    /* U+00EA "ê" */
    0x0, 0xf8, 0xfb, 0xfe, 0x40, 0xf, 0xfe, 0x9,
    0xe0, 0x80, 0x56, 0xa0, 0x1f, 0xf2, 0x60, 0x2,
    0xf0, 0x42, 0x94, 0x3, 0xf9, 0x6c, 0xb, 0x50,
    0xfc, 0xc2, 0x98, 0x3, 0xe1, 0xd7, 0x8d, 0x20,
    0x0, 0xe4, 0x3f, 0x8, 0x7, 0x86, 0x20, 0xe0,
    0x1e, 0x78, 0x80, 0x80, 0x7f, 0xf4, 0x56, 0xb7,
    0xfd, 0xd6, 0xc2, 0x1, 0xfc, 0x9d, 0x4a, 0x40,
    0x1, 0x49, 0xe6, 0x0, 0xfa, 0x2c, 0x40, 0x21,
    0x10, 0x6, 0x9a, 0x0, 0xe6, 0x70, 0x1, 0x57,
    0x75, 0xf6, 0x60, 0x5, 0x80, 0x8, 0xa4, 0x0,
    0x9a, 0xa2, 0x1, 0x26, 0x30, 0x1, 0xd0, 0x1,
    0x0, 0x2, 0xb0, 0xf, 0xd2, 0x80, 0x8, 0x1,
    0x50, 0x4, 0x0, 0x7f, 0xa0, 0x0, 0x62, 0xa0,
    0x12, 0x0, 0x7f, 0x8c, 0x40, 0x8, 0x40, 0x17,
    0x7f, 0xff, 0xc2, 0x0, 0x21, 0x0, 0xff, 0xe3,
    0x88, 0x5, 0x11, 0xff, 0xc3, 0x42, 0x0, 0x91,
    0xdf, 0xff, 0x84, 0x68, 0x1, 0x50, 0x7, 0xff,
    0x11, 0x40, 0xc, 0x60, 0x1f, 0xe1, 0x0, 0xd0,
    0x1, 0x62, 0x0, 0x7e, 0x7f, 0x20, 0x8, 0xa4,
    0x2, 0xbb, 0x28, 0x80, 0x9, 0xb6, 0x7, 0xc4,
    0x2, 0x68, 0x0, 0x92, 0xbb, 0xfd, 0xb2, 0x40,
    0x7, 0x10, 0xc, 0xf8, 0x40, 0x1f, 0xc3, 0x14,
    0x1, 0xe3, 0xdb, 0x63, 0x10, 0x1, 0x2c, 0xf3,
    0x80, 0x40,

    /* U+00EB "ë" */
    0x0, 0xe7, 0xfc, 0x10, 0xa, 0xfe, 0x0, 0x3f,
    0xd0, 0x6, 0xc0, 0x5, 0x40, 0x72, 0x0, 0xfe,
    0x10, 0x1, 0x0, 0x4, 0x2, 0x30, 0xf, 0xed,
    0x69, 0x50, 0x2, 0x4b, 0x58, 0x80, 0x7f, 0x1c,
    0xb0, 0x6, 0x69, 0x40, 0xf, 0xff, 0x3a, 0xd6,
    0xff, 0xba, 0xd8, 0x40, 0x3f, 0x93, 0xa9, 0x48,
    0x0, 0x29, 0x3c, 0xc0, 0x1f, 0x45, 0x88, 0x4,
    0x22, 0x0, 0xd3, 0x40, 0x1c, 0xce, 0x0, 0x2a,
    0xee, 0xbe, 0xcc, 0x0, 0xb0, 0x1, 0x14, 0x80,
    0x13, 0x54, 0x40, 0x24, 0xc6, 0x0, 0x3a, 0x0,
    0x20, 0x0, 0x56, 0x1, 0xfa, 0x50, 0x1, 0x0,
    0x2a, 0x0, 0x80, 0xf, 0xf4, 0x0, 0xc, 0x54,
    0x2, 0x40, 0xf, 0xf1, 0x88, 0x1, 0x8, 0x2,
    0xef, 0xff, 0xf8, 0x40, 0x4, 0x20, 0x1f, 0xfc,
    0x71, 0x0, 0xa2, 0x3f, 0xf8, 0x68, 0x40, 0x12,
    0x3b, 0xff, 0xf0, 0x8d, 0x0, 0x2a, 0x0, 0xff,
    0xe2, 0x28, 0x1, 0x8c, 0x3, 0xfc, 0x20, 0x1a,
    0x0, 0x2c, 0x40, 0xf, 0xcf, 0xe4, 0x1, 0x14,
    0x80, 0x57, 0x65, 0x10, 0x1, 0x36, 0xc0, 0xf8,
    0x80, 0x4d, 0x0, 0x12, 0x57, 0x7f, 0xb6, 0x48,
    0x0, 0xe2, 0x1, 0x9f, 0x8, 0x3, 0xf8, 0x62,
    0x80, 0x3c, 0x7b, 0x6c, 0x62, 0x0, 0x25, 0x9e,
    0x70, 0x8,

    /* U+00EC "ì" */
    0x1c, 0xff, 0x98, 0x3, 0xe, 0x38, 0x2, 0x5c,
    0x3, 0xa2, 0xc4, 0x22, 0x40, 0x39, 0x3d, 0x1,
    0xa8, 0x3, 0x86, 0xea, 0x70, 0xc0, 0x3c, 0xac,
    0xc3, 0x0, 0xff, 0xe1, 0xdf, 0xfa, 0xc0, 0x3f,
    0xff, 0xe0, 0x1f, 0xff, 0xf0, 0xf, 0xfe, 0x98,

    /* U+00ED "í" */
    0x0, 0xcb, 0xff, 0x61, 0x0, 0x4f, 0x40, 0x7,
    0xc2, 0x0, 0x4c, 0x0, 0xdc, 0x0, 0x54, 0xc0,
    0x9e, 0x80, 0x11, 0xe4, 0xd5, 0x88, 0x6, 0x36,
    0x62, 0x80, 0x7f, 0xf1, 0x6f, 0xfd, 0x60, 0x1f,
    0xff, 0xf0, 0xf, 0xff, 0xf8, 0x7, 0xff, 0x5c,

    /* U+00EE "î" */
    0x0, 0x8b, 0xbf, 0xdc, 0x40, 0x1c, 0x3e, 0x20,
    0x1, 0xf1, 0x0, 0xda, 0x41, 0x32, 0x2, 0xd0,
    0xa, 0xcc, 0x29, 0x99, 0x40, 0x76, 0x5, 0xb3,
    0x8a, 0x0, 0x5b, 0x9d, 0x22, 0x33, 0xc, 0x3,
    0x23, 0x30, 0x80, 0x3f, 0xf8, 0x97, 0xfe, 0xb0,
    0xf, 0xff, 0xf8, 0x7, 0xff, 0xfc, 0x3, 0xff,
    0xf4,

    /* U+00EF "ï" */
    0x4, 0x83, 0x0, 0x1c, 0x20, 0x15, 0xbe, 0x8,
    0xb1, 0xec, 0x98, 0x2, 0x33, 0x0, 0x4c, 0x88,
    0x6, 0x22, 0x30, 0x22, 0x2, 0xfe, 0x40, 0x13,
    0xf6, 0x1, 0xff, 0xcc, 0xbf, 0xf5, 0x80, 0x7f,
    0xff, 0xc0, 0x3f, 0xff, 0xe0, 0x1f, 0xfd, 0x50,

    /* U+00F0 "ð" */
    0x0, 0x1b, 0xde, 0xf7, 0xfb, 0xb2, 0x54, 0x3,
    0x9, 0x0, 0x6a, 0x84, 0x21, 0x0, 0x9, 0xb5,
    0x7b, 0xa5, 0x77, 0x0, 0x37, 0x80, 0x61, 0x10,
    0x7, 0x45, 0xa8, 0x19, 0x0, 0x48, 0xf7, 0xdf,
    0xdc, 0xf9, 0x0, 0xf2, 0x61, 0x0, 0x45, 0x8,
    0x20, 0x2f, 0xb2, 0x1, 0xe5, 0x20, 0xf, 0x92,
    0xfa, 0x8, 0x5, 0xf6, 0x80, 0x3, 0x60, 0x1c,
    0x5d, 0x68, 0x0, 0x4a, 0xe8, 0x25, 0x70, 0x2,
    0x90, 0x6, 0x20, 0x0, 0xbe, 0xda, 0x80, 0x69,
    0x0, 0xa8, 0x3, 0xae, 0xdd, 0x4, 0x1, 0xe1,
    0x60, 0x2, 0x80, 0x72, 0xa0, 0x7, 0xfb, 0x0,
    0x4, 0x20, 0x1c, 0x2d, 0x59, 0xb9, 0x6e, 0x20,
    0x7, 0x0, 0x94, 0x2, 0x19, 0xe9, 0x53, 0x23,
    0x48, 0xe9, 0x2, 0x0, 0x88, 0x0, 0x5e, 0xc0,
    0x1f, 0xcd, 0x80, 0x18, 0x40, 0x70, 0x40, 0x7,
    0x3b, 0xfe, 0xd8, 0x20, 0x3a, 0x0, 0xbc, 0x2c,
    0x40, 0xf, 0x8c, 0x40, 0x2, 0x7d, 0x50, 0x50,
    0xb, 0xc5, 0x40, 0x9, 0x0, 0x1f, 0xa8, 0xc0,
    0x30, 0xa0, 0x5, 0x0, 0x1f, 0xe8, 0x0, 0xc4,
    0x40, 0x8, 0xc0, 0x3f, 0xc8, 0x1, 0x94, 0x3,
    0xff, 0x8e, 0x42, 0x40, 0x11, 0x80, 0x7f, 0x8c,
    0x2, 0xa0, 0x40, 0xa, 0x40, 0x3f, 0xd0, 0x1,
    0x30, 0xa, 0x0, 0x15, 0x80, 0x3f, 0x4a, 0x0,
    0x20, 0x40, 0x12, 0x20, 0x9, 0xa3, 0x0, 0xcb,
    0x8c, 0x0, 0x47, 0x0, 0x8b, 0x40, 0x25, 0xcf,
    0xef, 0xf5, 0x18, 0x1, 0x2c, 0x3, 0x8f, 0x50,
    0x3, 0x8, 0x6, 0x18, 0xb0, 0xf, 0x8a, 0xf1,
    0xcc, 0x40, 0x4, 0xb3, 0xce, 0x1, 0xc0,

    /* U+00F1 "ñ" */
    0x0, 0xc5, 0x7f, 0xd2, 0x20, 0x15, 0x7a, 0x0,
    0x7d, 0x88, 0x2, 0xde, 0xa0, 0x6a, 0xa, 0x1,
    0xe6, 0x12, 0xbc, 0x41, 0xaf, 0xc0, 0x61, 0x0,
    0xf7, 0x84, 0x21, 0xdd, 0x90, 0x5, 0xa4, 0x3,
    0xe9, 0xf5, 0x0, 0x92, 0xff, 0xa4, 0x3, 0xff,
    0xbf, 0x7f, 0xe9, 0x0, 0x24, 0xef, 0x7f, 0x64,
    0x8, 0x7, 0xe2, 0xcb, 0x62, 0x10, 0x13, 0x7e,
    0x70, 0xf, 0x16, 0x18, 0x4, 0x22, 0x0, 0xd1,
    0x20, 0x1c, 0x82, 0xb, 0x9f, 0xdd, 0x40, 0x4,
    0xc8, 0x1, 0xe9, 0xa3, 0x0, 0x85, 0xec, 0x2,
    0x80, 0xe, 0x56, 0x0, 0xf9, 0x14, 0x0, 0x62,
    0x1, 0xa0, 0x3, 0xfb, 0x80, 0x25, 0x0, 0x84,
    0x80, 0x3f, 0x98, 0x2, 0x10, 0x8, 0x80, 0x3f,
    0xc6, 0x1, 0x18, 0x4, 0xe0, 0x1f, 0xff, 0xf0,
    0xf, 0xff, 0xf8, 0x7, 0xff, 0x60,

    /* U+00F2 "ò" */
    0x0, 0xd1, 0xff, 0x58, 0x7, 0xff, 0x12, 0x2c,
    0x41, 0x30, 0x40, 0x3f, 0xf8, 0x69, 0xe8, 0x7,
    0x82, 0x1, 0xff, 0xc3, 0x1b, 0x80, 0x2c, 0x20,
    0xf, 0xfe, 0x23, 0xe3, 0xaa, 0x0, 0x7f, 0xf1,
    0x4e, 0x20, 0xc0, 0x1f, 0xfd, 0x74, 0x9d, 0xff,
    0xb2, 0x4c, 0x3, 0xfc, 0x7b, 0x6c, 0x40, 0x11,
    0xb6, 0x60, 0x80, 0x3e, 0x7c, 0x20, 0xf, 0xe3,
    0xd5, 0x0, 0xe5, 0x80, 0x9, 0x6f, 0xbf, 0xa9,
    0x0, 0x2a, 0x30, 0x8, 0xa8, 0x0, 0x37, 0x48,
    0x20, 0x2b, 0x74, 0x1, 0x68, 0x80, 0x20, 0x2,
    0xa4, 0x0, 0xf9, 0x64, 0x0, 0x32, 0x0, 0x50,
    0x2, 0xa0, 0x7, 0xf3, 0x18, 0x1, 0x81, 0x0,
    0x2e, 0x0, 0xff, 0xa8, 0x0, 0x24, 0x40, 0x9,
    0x40, 0x3f, 0xe2, 0x0, 0x98, 0x40, 0x21, 0x0,
    0xff, 0x98, 0x2, 0x11, 0x0, 0x42, 0x1, 0xff,
    0x30, 0x4, 0x24, 0x1, 0x28, 0x7, 0xfc, 0x60,
    0x13, 0x20, 0x5, 0xe0, 0x1f, 0xf5, 0x0, 0x4,
    0x81, 0x40, 0x8, 0x80, 0xf, 0xe6, 0x20, 0x4,
    0x80, 0x20, 0x2, 0xb4, 0x0, 0xf9, 0xa4, 0x0,
    0x2c, 0x0, 0x2a, 0x0, 0xae, 0x90, 0x40, 0x56,
    0xe4, 0x2, 0xd1, 0x0, 0x96, 0x40, 0x25, 0xbe,
    0xfe, 0xa4, 0x0, 0xa8, 0xc0, 0x39, 0xb0, 0x80,
    0x3f, 0x8f, 0x54, 0x3, 0xe3, 0xdb, 0x62, 0x0,
    0x8d, 0xaf, 0x8, 0x3, 0x0,

    /* U+00F3 "ó" */
    0x0, 0xff, 0x87, 0x7f, 0xe5, 0x0, 0xff, 0xe1,
    0x16, 0x10, 0x16, 0xa8, 0x7, 0xff, 0x4, 0xf0,
    0x81, 0xb4, 0x80, 0x3f, 0xf8, 0x27, 0x82, 0x15,
    0x20, 0x1f, 0xfc, 0x34, 0x77, 0x6a, 0x80, 0x7f,
    0xf1, 0x1e, 0x20, 0x40, 0x1f, 0xfd, 0x84, 0x9d,
    0xff, 0xb2, 0x4c, 0x3, 0xfc, 0x7b, 0x6c, 0x40,
    0x11, 0xb6, 0x60, 0x80, 0x3e, 0x7c, 0x20, 0xf,
    0xe3, 0xd5, 0x0, 0xe5, 0x80, 0x9, 0x6f, 0xbf,
    0xa9, 0x0, 0x2a, 0x30, 0x8, 0xa8, 0x0, 0x37,
    0x48, 0x20, 0x2b, 0x74, 0x1, 0x68, 0x80, 0x20,
    0x2, 0xa4, 0x0, 0xf9, 0x64, 0x0, 0x32, 0x0,
    0x50, 0x2, 0xa0, 0x7, 0xf3, 0x18, 0x1, 0x81,
    0x0, 0x2e, 0x0, 0xff, 0xa8, 0x0, 0x24, 0x40,
    0x9, 0x40, 0x3f, 0xe2, 0x0, 0x98, 0x40, 0x21,
    0x0, 0xff, 0x98, 0x2, 0x11, 0x0, 0x42, 0x1,
    0xff, 0x30, 0x4, 0x24, 0x1, 0x28, 0x7, 0xfc,
    0x60, 0x13, 0x20, 0x5, 0xe0, 0x1f, 0xf5, 0x0,
    0x4, 0x81, 0x40, 0x8, 0x80, 0xf, 0xe6, 0x20,
    0x4, 0x80, 0x20, 0x2, 0xb4, 0x0, 0xf9, 0xa4,
    0x0, 0x2c, 0x0, 0x2a, 0x0, 0xae, 0x90, 0x40,
    0x56, 0xe4, 0x2, 0xd1, 0x0, 0x96, 0x40, 0x25,
    0xbe, 0xfe, 0xa4, 0x0, 0xa8, 0xc0, 0x39, 0xb0,
    0x80, 0x3f, 0x8f, 0x54, 0x3, 0xe3, 0xdb, 0x62,
    0x0, 0x8d, 0xaf, 0x8, 0x3, 0x0,

    /* U+00F4 "ô" */
    0x0, 0xfd, 0x7f, 0xf4, 0x80, 0x7f, 0xf0, 0x87,
    0x10, 0x2, 0x6a, 0x0, 0xff, 0xe0, 0xe, 0x98,
    0x37, 0x20, 0x2d, 0x0, 0x7f, 0x87, 0xc, 0x26,
    0x43, 0x6e, 0xb, 0x60, 0x1f, 0xce, 0xaf, 0x8c,
    0x1, 0x45, 0xb9, 0xa0, 0x7, 0xe6, 0x88, 0x18,
    0x7, 0x24, 0x41, 0x0, 0x3f, 0xfa, 0x69, 0x3b,
    0xff, 0x64, 0x98, 0x7, 0xf8, 0xf6, 0xd8, 0x80,
    0x23, 0x6c, 0xc1, 0x0, 0x7c, 0xf8, 0x40, 0x1f,
    0xc7, 0xaa, 0x1, 0xcb, 0x0, 0x12, 0xdf, 0x7f,
    0x52, 0x0, 0x54, 0x60, 0x11, 0x50, 0x0, 0x6e,
    0x90, 0x40, 0x56, 0xe8, 0x2, 0xd1, 0x0, 0x40,
    0x5, 0x48, 0x1, 0xf2, 0xc8, 0x0, 0x64, 0x0,
    0xa0, 0x5, 0x40, 0xf, 0xe6, 0x30, 0x3, 0x2,
    0x0, 0x5c, 0x1, 0xff, 0x50, 0x0, 0x48, 0x80,
    0x12, 0x80, 0x7f, 0xc4, 0x1, 0x30, 0x80, 0x42,
    0x1, 0xff, 0x30, 0x4, 0x22, 0x0, 0x84, 0x3,
    0xfe, 0x60, 0x8, 0x48, 0x2, 0x50, 0xf, 0xf8,
    0xc0, 0x26, 0x40, 0xb, 0xc0, 0x3f, 0xea, 0x0,
    0x9, 0x2, 0x80, 0x11, 0x0, 0x1f, 0xcc, 0x40,
    0x9, 0x0, 0x40, 0x5, 0x68, 0x1, 0xf3, 0x48,
    0x0, 0x58, 0x0, 0x54, 0x1, 0x5d, 0x20, 0x80,
    0xad, 0xc8, 0x5, 0xa2, 0x1, 0x2c, 0x80, 0x4b,
    0x7d, 0xfd, 0x48, 0x1, 0x51, 0x80, 0x73, 0x61,
    0x0, 0x7f, 0x1e, 0xa8, 0x7, 0xc7, 0xb6, 0xc4,
    0x1, 0x1b, 0x5e, 0x10, 0x6,

    /* U+00F5 "õ" */
    0x0, 0xe2, 0xbf, 0xea, 0x10, 0xa, 0x7d, 0x40,
    0x3f, 0xbd, 0x0, 0x57, 0x9c, 0x4d, 0x81, 0xc0,
    0x3f, 0x29, 0xd, 0xe2, 0x84, 0x76, 0x2, 0x90,
    0x7, 0xed, 0x18, 0x43, 0xac, 0x51, 0x27, 0xa0,
    0xf, 0xe8, 0xe6, 0x0, 0x8e, 0xbb, 0x60, 0x3,
    0xff, 0xd4, 0x93, 0xbf, 0xf6, 0x49, 0x80, 0x7f,
    0x8f, 0x6d, 0x88, 0x2, 0x36, 0xcc, 0x10, 0x7,
    0xcf, 0x84, 0x1, 0xfc, 0x7a, 0xa0, 0x1c, 0xb0,
    0x1, 0x2d, 0xf7, 0xf5, 0x20, 0x5, 0x46, 0x1,
    0x15, 0x0, 0x6, 0xe9, 0x4, 0x5, 0x6e, 0x80,
    0x2d, 0x10, 0x4, 0x0, 0x54, 0x80, 0x1f, 0x2c,
    0x80, 0x6, 0x40, 0xa, 0x0, 0x54, 0x0, 0xfe,
    0x63, 0x0, 0x30, 0x20, 0x5, 0xc0, 0x1f, 0xf5,
    0x0, 0x4, 0x88, 0x1, 0x28, 0x7, 0xfc, 0x40,
    0x13, 0x8, 0x4, 0x20, 0x1f, 0xf3, 0x0, 0x42,
    0x20, 0x8, 0x40, 0x3f, 0xe6, 0x0, 0x84, 0x80,
    0x25, 0x0, 0xff, 0x8c, 0x2, 0x64, 0x0, 0xbc,
    0x3, 0xfe, 0xa0, 0x0, 0x90, 0x28, 0x1, 0x10,
    0x1, 0xfc, 0xc4, 0x0, 0x90, 0x4, 0x0, 0x56,
    0x80, 0x1f, 0x34, 0x80, 0x5, 0x80, 0x5, 0x40,
    0x15, 0xd2, 0x8, 0xa, 0xdc, 0x80, 0x5a, 0x20,
    0x12, 0xc8, 0x4, 0xb7, 0xdf, 0xd4, 0x80, 0x15,
    0x18, 0x7, 0x36, 0x10, 0x7, 0xf1, 0xea, 0x80,
    0x7c, 0x7b, 0x6c, 0x40, 0x11, 0xb5, 0xe1, 0x0,
    0x60,

    /* U+00F6 "ö" */
    0x0, 0xe3, 0xde, 0x40, 0x9, 0xbf, 0x4, 0x3,
    0xfd, 0x4, 0x32, 0x1, 0x48, 0x1c, 0x80, 0x7f,
    0x88, 0x0, 0xc0, 0x10, 0x80, 0x38, 0x3, 0xfd,
    0x2e, 0xea, 0x0, 0xb1, 0xa1, 0x80, 0x3f, 0xe8,
    0x80, 0x80, 0x45, 0x2e, 0x1, 0xff, 0xea, 0x49,
    0xdf, 0xfb, 0x24, 0xc0, 0x3f, 0xc7, 0xb6, 0xc4,
    0x1, 0x1b, 0x66, 0x8, 0x3, 0xe7, 0xc2, 0x0,
    0xfe, 0x3d, 0x50, 0xe, 0x58, 0x0, 0x96, 0xfb,
    0xfa, 0x90, 0x2, 0xa3, 0x0, 0x8a, 0x80, 0x3,
    0x74, 0x82, 0x2, 0xb7, 0x40, 0x16, 0x88, 0x2,
    0x0, 0x2a, 0x40, 0xf, 0x96, 0x40, 0x3, 0x20,
    0x5, 0x0, 0x2a, 0x0, 0x7f, 0x31, 0x80, 0x18,
    0x10, 0x2, 0xe0, 0xf, 0xfa, 0x80, 0x2, 0x44,
    0x0, 0x94, 0x3, 0xfe, 0x20, 0x9, 0x84, 0x2,
    0x10, 0xf, 0xf9, 0x80, 0x21, 0x10, 0x4, 0x20,
    0x1f, 0xf3, 0x0, 0x42, 0x40, 0x12, 0x80, 0x7f,
    0xc6, 0x1, 0x32, 0x0, 0x5e, 0x1, 0xff, 0x50,
    0x0, 0x48, 0x14, 0x0, 0x88, 0x0, 0xfe, 0x62,
    0x0, 0x48, 0x2, 0x0, 0x2b, 0x40, 0xf, 0x9a,
    0x40, 0x2, 0xc0, 0x2, 0xa0, 0xa, 0xe9, 0x4,
    0x5, 0x6e, 0x40, 0x2d, 0x10, 0x9, 0x64, 0x2,
    0x5b, 0xef, 0xea, 0x40, 0xa, 0x8c, 0x3, 0x9b,
    0x8, 0x3, 0xf8, 0xf5, 0x40, 0x3e, 0x3d, 0xb6,
    0x20, 0x8, 0xda, 0xf0, 0x80, 0x30,

    /* U+00F7 "÷" */
    0x0, 0xfc, 0x60, 0x1f, 0xfc, 0x22, 0xec, 0xe1,
    0x0, 0xff, 0xe0, 0x50, 0x80, 0xb0, 0x7, 0xff,
    0x3, 0xc0, 0x21, 0x0, 0xff, 0xe0, 0x3a, 0x2,
    0x30, 0x7, 0xff, 0x6, 0xfe, 0xc0, 0x3f, 0xfb,
    0xaf, 0xbb, 0xff, 0xc3, 0x7e, 0x22, 0xff, 0xe1,
    0xf8, 0x7, 0xff, 0x16, 0x7f, 0xff, 0xf8, 0x70,
    0x1, 0xff, 0xde, 0x30, 0xf, 0xfe, 0x11, 0x76,
    0x70, 0x80, 0x7f, 0xf0, 0x28, 0x40, 0x58, 0x3,
    0xff, 0x81, 0xe0, 0x10, 0x80, 0x7f, 0xf0, 0x1d,
    0x1, 0x58, 0x3, 0xc0,

    /* U+00F8 "ø" */
    0x0, 0xff, 0xe2, 0xbc, 0x8, 0x7, 0xff, 0x15,
    0xa0, 0xc4, 0x3, 0xff, 0x88, 0x32, 0x12, 0x1,
    0xf9, 0x27, 0x7f, 0xec, 0x93, 0xa0, 0x92, 0x0,
    0xf1, 0xed, 0xb1, 0x0, 0x46, 0xd8, 0x82, 0xc0,
    0x1e, 0x7c, 0x20, 0xf, 0xf0, 0xa8, 0x7, 0x2c,
    0x0, 0x4b, 0x7d, 0xfd, 0x40, 0x1a, 0x8c, 0x2,
    0x2a, 0x0, 0xd, 0xd2, 0x8, 0x8, 0x7, 0xb4,
    0x40, 0x10, 0x1, 0x52, 0x0, 0x61, 0xb0, 0xd9,
    0x0, 0xc, 0x80, 0x14, 0x0, 0xa8, 0x1, 0xd6,
    0x30, 0x4c, 0x60, 0x6, 0x4, 0x0, 0xb8, 0x3,
    0x95, 0x46, 0xe0, 0xa, 0x0, 0x9, 0x10, 0x2,
    0x50, 0xc, 0x36, 0x1c, 0x1, 0x10, 0x4, 0xc2,
    0x1, 0x8, 0x6, 0xb1, 0x82, 0x0, 0x98, 0x2,
    0x11, 0x0, 0x42, 0x1, 0x2a, 0x89, 0xc0, 0x33,
    0x0, 0x42, 0x40, 0x12, 0x80, 0x6, 0xc3, 0x80,
    0x38, 0xc0, 0x26, 0x40, 0xb, 0xc0, 0x16, 0x2e,
    0x60, 0x1d, 0x40, 0x1, 0x20, 0x50, 0x2, 0x24,
    0xa5, 0x0, 0x1c, 0xc4, 0x0, 0x90, 0x4, 0x0,
    0x57, 0x60, 0xe0, 0xe, 0x69, 0x0, 0xb, 0x0,
    0xa, 0x80, 0x39, 0xc4, 0x5, 0x6e, 0x40, 0x2d,
    0x10, 0x9, 0x64, 0x3, 0x5f, 0x7f, 0x52, 0x0,
    0x54, 0x60, 0x1c, 0xc0, 0x1f, 0xf1, 0xea, 0x80,
    0x7a, 0x41, 0xad, 0x88, 0x2, 0x36, 0xbc, 0x20,
    0xf, 0x23, 0x14, 0xa4, 0xef, 0xfd, 0x92, 0x80,
    0x1f, 0xa8, 0x38, 0x3, 0xff, 0x8a, 0x6d, 0x46,
    0x1, 0xff, 0xc4,

    /* U+00F9 "ù" */
    0x0, 0xd, 0xff, 0xce, 0x1, 0xff, 0xc1, 0x1b,
    0x80, 0x4, 0x48, 0x7, 0xff, 0x9, 0xf0, 0x81,
    0xa8, 0x3, 0xff, 0x84, 0x7a, 0xa0, 0xb6, 0x1,
    0xff, 0xc3, 0xab, 0x9d, 0x30, 0xf, 0xfe, 0x1a,
    0x33, 0xc, 0x3, 0xff, 0x9d, 0xdf, 0xe8, 0x0,
    0xff, 0x37, 0xfc, 0x20, 0x1f, 0xff, 0xf0, 0xf,
    0xff, 0xf8, 0x7, 0xff, 0x5c, 0x40, 0x31, 0x80,
    0x4, 0x3, 0xfd, 0xe0, 0x18, 0x40, 0xa, 0x1,
    0xfe, 0x40, 0xc, 0xa0, 0x3, 0x10, 0xf, 0xc8,
    0x60, 0x1b, 0x40, 0x2a, 0x0, 0xf8, 0xa8, 0x3,
    0x90, 0xc0, 0x9, 0x66, 0x1, 0xb, 0x60, 0x80,
    0x7b, 0x84, 0x0, 0x99, 0xfb, 0xdc, 0x91, 0x5,
    0x0, 0xe2, 0xc3, 0x0, 0xc4, 0x20, 0x1, 0xa9,
    0x0, 0xf1, 0x65, 0xa9, 0x0, 0x5, 0x27, 0x94,
    0x3, 0x80,

    /* U+00FA "ú" */
    0x0, 0xff, 0x27, 0xfd, 0xa4, 0x1, 0xff, 0xc0,
    0x6b, 0x0, 0x36, 0x90, 0x7, 0xfc, 0xf2, 0x3,
    0x52, 0x1, 0xff, 0xc0, 0x98, 0x3, 0xf5, 0x0,
    0xff, 0xe0, 0x17, 0xcd, 0x60, 0x80, 0x7f, 0xf0,
    0x49, 0x98, 0xa0, 0x1f, 0xfd, 0xe, 0xff, 0x40,
    0x7, 0xf9, 0xbf, 0xe1, 0x0, 0xff, 0xff, 0x80,
    0x7f, 0xff, 0xc0, 0x3f, 0xfa, 0xe2, 0x1, 0x8c,
    0x0, 0x20, 0x1f, 0xef, 0x0, 0xc2, 0x0, 0x50,
    0xf, 0xf2, 0x0, 0x65, 0x0, 0x18, 0x80, 0x7e,
    0x43, 0x0, 0xda, 0x1, 0x50, 0x7, 0xc5, 0x40,
    0x1c, 0x86, 0x0, 0x4b, 0x30, 0x8, 0x5b, 0x4,
    0x3, 0xdc, 0x20, 0x4, 0xcf, 0xde, 0xe4, 0x88,
    0x28, 0x7, 0x16, 0x18, 0x6, 0x21, 0x0, 0xd,
    0x48, 0x7, 0x8b, 0x2d, 0x48, 0x0, 0x29, 0x3c,
    0xa0, 0x1c,

    /* U+00FB "û" */
    0x0, 0xf1, 0xf7, 0xfc, 0xa0, 0x1f, 0xfc, 0x3,
    0xc1, 0x0, 0xa9, 0x80, 0x3f, 0xc9, 0x80, 0x37,
    0xa4, 0x12, 0xe0, 0x1f, 0x9a, 0xc0, 0xf1, 0xb,
    0x50, 0x22, 0x0, 0x1f, 0xa6, 0x58, 0x40, 0x15,
    0xd4, 0xf1, 0x0, 0x79, 0x9a, 0x0, 0xf2, 0xb3,
    0x8, 0x3, 0xff, 0x95, 0xdf, 0xe8, 0x0, 0xff,
    0x37, 0xfc, 0x20, 0x1f, 0xff, 0xf0, 0xf, 0xff,
    0xf8, 0x7, 0xff, 0x5c, 0x40, 0x31, 0x80, 0x4,
    0x3, 0xfd, 0xe0, 0x18, 0x40, 0xa, 0x1, 0xfe,
    0x40, 0xc, 0xa0, 0x3, 0x10, 0xf, 0xc8, 0x60,
    0x1b, 0x40, 0x2a, 0x0, 0xf8, 0xa8, 0x3, 0x90,
    0xc0, 0x9, 0x66, 0x1, 0xb, 0x60, 0x80, 0x7b,
    0x84, 0x0, 0x99, 0xfb, 0xdc, 0x91, 0x5, 0x0,
    0xe2, 0xc3, 0x0, 0xc4, 0x20, 0x1, 0xa9, 0x0,
    0xf1, 0x65, 0xa9, 0x0, 0x5, 0x27, 0x94, 0x3,
    0x80,

    /* U+00FC "ü" */
    0x0, 0xc5, 0x2c, 0x1, 0x96, 0x50, 0x3, 0xfb,
    0x1a, 0x58, 0x0, 0x74, 0xd6, 0x20, 0x1f, 0x84,
    0x1, 0xc0, 0x6, 0x0, 0x88, 0x3, 0xf4, 0x1,
    0xc8, 0x1, 0x50, 0x18, 0xc0, 0x3f, 0x3f, 0xe0,
    0x80, 0x57, 0xf2, 0x1, 0xff, 0xdf, 0xef, 0xf4,
    0x0, 0x7f, 0x9b, 0xfe, 0x10, 0xf, 0xff, 0xf8,
    0x7, 0xff, 0xfc, 0x3, 0xff, 0xae, 0x20, 0x18,
    0xc0, 0x2, 0x1, 0xfe, 0xf0, 0xc, 0x20, 0x5,
    0x0, 0xff, 0x20, 0x6, 0x50, 0x1, 0x88, 0x7,
    0xe4, 0x30, 0xd, 0xa0, 0x15, 0x0, 0x7c, 0x54,
    0x1, 0xc8, 0x60, 0x4, 0xb3, 0x0, 0x85, 0xb0,
    0x40, 0x3d, 0xc2, 0x0, 0x4c, 0xfd, 0xee, 0x48,
    0x82, 0x80, 0x71, 0x61, 0x80, 0x62, 0x10, 0x0,
    0xd4, 0x80, 0x78, 0xb2, 0xd4, 0x80, 0x2, 0x93,
    0xca, 0x1, 0xc0,

    /* U+00FD "ý" */
    0x0, 0xff, 0xe0, 0x5f, 0xfc, 0xe0, 0x1f, 0xfc,
    0x31, 0xc4, 0x2, 0xc7, 0x0, 0xff, 0xe1, 0x16,
    0x18, 0x2e, 0x98, 0x7, 0xff, 0x8, 0xf0, 0x82,
    0x68, 0x3, 0xff, 0x88, 0xd1, 0x3a, 0xc0, 0x1f,
    0xfc, 0x55, 0x66, 0x10, 0x7, 0xff, 0x57, 0x7f,
    0xd6, 0x1, 0xff, 0xc0, 0x7f, 0xf7, 0x0, 0x2c,
    0x0, 0x86, 0x1, 0xff, 0x50, 0x2, 0x40, 0xc,
    0x20, 0x9, 0x0, 0xff, 0x29, 0x0, 0x18, 0x2,
    0x60, 0x2, 0x88, 0x7, 0xf7, 0x0, 0x18, 0x40,
    0x29, 0x0, 0xa4, 0x3, 0xf1, 0x20, 0x2, 0xc0,
    0x30, 0xb0, 0x1, 0x80, 0x3f, 0x58, 0x1, 0x8,
    0x3, 0xac, 0x0, 0x2c, 0x1, 0xe1, 0x60, 0x7,
    0x80, 0x78, 0x90, 0x1, 0x60, 0x1e, 0x60, 0x1,
    0x20, 0x7, 0xde, 0x0, 0x24, 0x0, 0xe9, 0x0,
    0x40, 0x7, 0xe4, 0x20, 0x7, 0x80, 0x65, 0x10,
    0x15, 0x0, 0xfe, 0xb0, 0x2, 0x10, 0x5, 0x20,
    0x9, 0x0, 0xff, 0x30, 0x80, 0x2c, 0x0, 0x66,
    0x0, 0x30, 0x7, 0xfd, 0x20, 0x6, 0x10, 0x90,
    0x3, 0x8, 0x7, 0xfc, 0xc0, 0x13, 0xa, 0x80,
    0x2c, 0x3, 0xff, 0x80, 0x2c, 0x0, 0x98, 0x0,
    0x21, 0x0, 0x7f, 0xf0, 0x6c, 0x0, 0x2c, 0x0,
    0xf0, 0xf, 0xfe, 0x11, 0x20, 0x6, 0x34, 0x0,
    0xff, 0xe1, 0xf8, 0x6, 0x90, 0xf, 0xfe, 0x22,
    0x18, 0x0, 0x54, 0x3, 0xff, 0x8a, 0x40, 0x9,
    0x0, 0xff, 0xe2, 0xb8, 0x80, 0x18, 0x3, 0xfc,
    0x20, 0x1c, 0x32, 0x0, 0x71, 0x0, 0xff, 0x6d,
    0x18, 0x0, 0xf0, 0x40, 0x64, 0x3, 0xfc, 0xa6,
    0xb9, 0xfe, 0xc2, 0x0, 0x58, 0x80, 0x7f, 0x8c,
    0x3, 0xf4, 0xa8, 0x7, 0xfc, 0xda, 0xc4, 0x0,
    0x26, 0xd6, 0x0, 0xff, 0xe0, 0x0,

    /* U+00FE "þ" */
    0xbf, 0xf5, 0x80, 0x7f, 0xff, 0xc0, 0x3f, 0xff,
    0xc5, 0x19, 0xdf, 0xd9, 0x6, 0x1, 0xff, 0x4e,
    0xb9, 0x88, 0x9, 0xbe, 0x50, 0x80, 0x7c, 0xf6,
    0xc0, 0x1f, 0xcb, 0xe6, 0x1, 0xe3, 0x40, 0x3,
    0xe7, 0xfb, 0x60, 0x80, 0x3, 0xa2, 0x1, 0xf1,
    0xec, 0x18, 0x0, 0x9f, 0x54, 0x0, 0x34, 0x1,
    0xe1, 0xd2, 0x0, 0xfa, 0x90, 0x0, 0x88, 0x0,
    0xe8, 0x10, 0xf, 0xe9, 0x0, 0xb4, 0x3, 0x98,
    0x3, 0xfc, 0x48, 0x0, 0x40, 0xc, 0x40, 0x1f,
    0xfc, 0x2, 0x0, 0x10, 0x6, 0x60, 0xf, 0xfe,
    0x7, 0x0, 0x7c, 0xc0, 0x1f, 0xfc, 0xe, 0x0,
    0xf8, 0x80, 0x3f, 0xf8, 0xa, 0x0, 0x20, 0xe,
    0x60, 0xf, 0xf1, 0x18, 0x1, 0x0, 0x3a, 0x4,
    0x3, 0xfa, 0x40, 0x2d, 0x0, 0xe1, 0xd1, 0x0,
    0xfa, 0x90, 0x0, 0x88, 0x0, 0xf1, 0xfc, 0x18,
    0x0, 0x9f, 0x54, 0x0, 0x34, 0x1, 0xc6, 0x80,
    0x2f, 0x9f, 0xed, 0x82, 0x0, 0xe, 0x88, 0x7,
    0x3d, 0xb8, 0x7, 0xf2, 0x79, 0x80, 0x7e, 0x8d,
    0x73, 0x10, 0x13, 0x7c, 0xb1, 0x0, 0xff, 0x14,
    0x67, 0x7f, 0x64, 0x18, 0x7, 0xff, 0xfc, 0x3,
    0xff, 0xda,

    /* U+00FF "ÿ" */
    0x0, 0xe1, 0xce, 0x60, 0x9, 0x3b, 0x4c, 0x3,
    0xfe, 0x93, 0x19, 0x0, 0xa4, 0x4a, 0x0, 0x3f,
    0xef, 0x0, 0x8, 0x4, 0xc0, 0x2, 0x0, 0xff,
    0x9e, 0x1b, 0x0, 0x2a, 0x67, 0x90, 0xf, 0xfe,
    0x3, 0xc9, 0x0, 0x43, 0x30, 0x1, 0xff, 0xe8,
    0xdf, 0xf5, 0x80, 0x7f, 0xf0, 0x1f, 0xfd, 0xc0,
    0xb, 0x0, 0x21, 0x80, 0x7f, 0xd4, 0x0, 0x90,
    0x3, 0x8, 0x2, 0x40, 0x3f, 0xca, 0x40, 0x6,
    0x0, 0x98, 0x0, 0xa2, 0x1, 0xfd, 0xc0, 0x6,
    0x10, 0xa, 0x40, 0x29, 0x0, 0xfc, 0x48, 0x0,
    0xb0, 0xc, 0x2c, 0x0, 0x60, 0xf, 0xd6, 0x0,
    0x42, 0x0, 0xeb, 0x0, 0xb, 0x0, 0x78, 0x58,
    0x1, 0xe0, 0x1e, 0x24, 0x0, 0x58, 0x7, 0x98,
    0x0, 0x48, 0x1, 0xf7, 0x80, 0x9, 0x0, 0x3a,
    0x40, 0x10, 0x1, 0xf9, 0x8, 0x1, 0xe0, 0x19,
    0x44, 0x5, 0x40, 0x3f, 0xac, 0x0, 0x84, 0x1,
    0x48, 0x2, 0x40, 0x3f, 0xcc, 0x20, 0xb, 0x0,
    0x19, 0x80, 0xc, 0x1, 0xff, 0x48, 0x1, 0x84,
    0x24, 0x0, 0xc2, 0x1, 0xff, 0x30, 0x4, 0xc2,
    0xa0, 0xb, 0x0, 0xff, 0xe0, 0xb, 0x0, 0x26,
    0x0, 0x8, 0x40, 0x1f, 0xfc, 0x1b, 0x0, 0xb,
    0x0, 0x3c, 0x3, 0xff, 0x84, 0x48, 0x1, 0x8d,
    0x0, 0x3f, 0xf8, 0x7e, 0x1, 0xa4, 0x3, 0xff,
    0x88, 0x86, 0x0, 0x15, 0x0, 0xff, 0xe2, 0x90,
    0x2, 0x40, 0x3f, 0xf8, 0xae, 0x20, 0x6, 0x0,
    0xff, 0x8, 0x7, 0xc, 0x80, 0x1c, 0x40, 0x3f,
    0xdb, 0x46, 0x0, 0x3c, 0x10, 0x19, 0x0, 0xff,
    0x29, 0xae, 0x7f, 0xb0, 0x80, 0x16, 0x20, 0x1f,
    0xe3, 0x0, 0xfd, 0x2a, 0x1, 0xff, 0x36, 0xb1,
    0x0, 0x9, 0xb5, 0x80, 0x3f, 0xf8, 0x0
};


/*---------------------
 *  GLYPH DESCRIPTION
 *--------------------*/

static const lv_font_fmt_txt_glyph_dsc_t glyph_dsc[] = {
    {.bitmap_index = 0, .adv_w = 0, .box_w = 0, .box_h = 0, .ofs_x = 0, .ofs_y = 0} /* id = 0 reserved */,
    {.bitmap_index = 0, .adv_w = 155, .box_w = 0, .box_h = 0, .ofs_x = 0, .ofs_y = 0},
    {.bitmap_index = 0, .adv_w = 154, .box_w = 6, .box_h = 25, .ofs_x = 2, .ofs_y = 0},
    {.bitmap_index = 57, .adv_w = 225, .box_w = 10, .box_h = 10, .ofs_x = 2, .ofs_y = 15},
    {.bitmap_index = 94, .adv_w = 405, .box_w = 25, .box_h = 25, .ofs_x = 0, .ofs_y = 0},
    {.bitmap_index = 299, .adv_w = 358, .box_w = 20, .box_h = 34, .ofs_x = 1, .ofs_y = -4},
    {.bitmap_index = 503, .adv_w = 486, .box_w = 29, .box_h = 25, .ofs_x = 1, .ofs_y = 0},
    {.bitmap_index = 779, .adv_w = 395, .box_w = 24, .box_h = 26, .ofs_x = 1, .ofs_y = -1},
    {.bitmap_index = 1026, .adv_w = 121, .box_w = 4, .box_h = 10, .ofs_x = 2, .ofs_y = 15},
    {.bitmap_index = 1041, .adv_w = 194, .box_w = 8, .box_h = 33, .ofs_x = 3, .ofs_y = -7},
    {.bitmap_index = 1158, .adv_w = 195, .box_w = 8, .box_h = 33, .ofs_x = 1, .ofs_y = -7},
    {.bitmap_index = 1270, .adv_w = 230, .box_w = 14, .box_h = 14, .ofs_x = 0, .ofs_y = 12},
    {.bitmap_index = 1346, .adv_w = 335, .box_w = 17, .box_h = 16, .ofs_x = 2, .ofs_y = 5},
    {.bitmap_index = 1385, .adv_w = 131, .box_w = 6, .box_h = 10, .ofs_x = 1, .ofs_y = -5},
    {.bitmap_index = 1415, .adv_w = 221, .box_w = 10, .box_h = 3, .ofs_x = 2, .ofs_y = 8},
    {.bitmap_index = 1422, .adv_w = 131, .box_w = 6, .box_h = 5, .ofs_x = 1, .ofs_y = 0},
    {.bitmap_index = 1437, .adv_w = 203, .box_w = 16, .box_h = 34, .ofs_x = -2, .ofs_y = -4},
    {.bitmap_index = 1603, .adv_w = 384, .box_w = 22, .box_h = 25, .ofs_x = 1, .ofs_y = 0},
    {.bitmap_index = 1809, .adv_w = 213, .box_w = 10, .box_h = 25, .ofs_x = 0, .ofs_y = 0},
    {.bitmap_index = 1830, .adv_w = 331, .box_w = 20, .box_h = 25, .ofs_x = 0, .ofs_y = 0},
    {.bitmap_index = 1995, .adv_w = 329, .box_w = 19, .box_h = 25, .ofs_x = 0, .ofs_y = 0},
    {.bitmap_index = 2152, .adv_w = 385, .box_w = 23, .box_h = 25, .ofs_x = 1, .ofs_y = 0},
    {.bitmap_index = 2284, .adv_w = 331, .box_w = 20, .box_h = 25, .ofs_x = 0, .ofs_y = 0},
    {.bitmap_index = 2444, .adv_w = 355, .box_w = 21, .box_h = 25, .ofs_x = 1, .ofs_y = 0},
    {.bitmap_index = 2645, .adv_w = 344, .box_w = 20, .box_h = 25, .ofs_x = 1, .ofs_y = 0},
    {.bitmap_index = 2786, .adv_w = 371, .box_w = 21, .box_h = 25, .ofs_x = 1, .ofs_y = 0},
    {.bitmap_index = 3000, .adv_w = 355, .box_w = 20, .box_h = 25, .ofs_x = 1, .ofs_y = 0},
    {.bitmap_index = 3196, .adv_w = 131, .box_w = 6, .box_h = 19, .ofs_x = 1, .ofs_y = 0},
    {.bitmap_index = 3230, .adv_w = 131, .box_w = 6, .box_h = 24, .ofs_x = 1, .ofs_y = -5},
    {.bitmap_index = 3279, .adv_w = 335, .box_w = 17, .box_h = 17, .ofs_x = 2, .ofs_y = 4},
    {.bitmap_index = 3384, .adv_w = 335, .box_w = 17, .box_h = 11, .ofs_x = 2, .ofs_y = 7},
    {.bitmap_index = 3414, .adv_w = 335, .box_w = 17, .box_h = 17, .ofs_x = 2, .ofs_y = 4},
    {.bitmap_index = 3518, .adv_w = 330, .box_w = 19, .box_h = 25, .ofs_x = 0, .ofs_y = 0},
    {.bitmap_index = 3668, .adv_w = 596, .box_w = 35, .box_h = 32, .ofs_x = 1, .ofs_y = -7},
    {.bitmap_index = 4074, .adv_w = 422, .box_w = 28, .box_h = 25, .ofs_x = -1, .ofs_y = 0},
    {.bitmap_index = 4291, .adv_w = 436, .box_w = 23, .box_h = 25, .ofs_x = 3, .ofs_y = 0},
    {.bitmap_index = 4442, .adv_w = 416, .box_w = 24, .box_h = 25, .ofs_x = 1, .ofs_y = 0},
    {.bitmap_index = 4635, .adv_w = 476, .box_w = 26, .box_h = 25, .ofs_x = 3, .ofs_y = 0},
    {.bitmap_index = 4789, .adv_w = 386, .box_w = 20, .box_h = 25, .ofs_x = 3, .ofs_y = 0},
    {.bitmap_index = 4840, .adv_w = 366, .box_w = 19, .box_h = 25, .ofs_x = 3, .ofs_y = 0},
    {.bitmap_index = 4882, .adv_w = 445, .box_w = 24, .box_h = 25, .ofs_x = 1, .ofs_y = 0},
    {.bitmap_index = 5076, .adv_w = 468, .box_w = 23, .box_h = 25, .ofs_x = 3, .ofs_y = 0},
    {.bitmap_index = 5121, .adv_w = 179, .box_w = 5, .box_h = 25, .ofs_x = 3, .ofs_y = 0},
    {.bitmap_index = 5130, .adv_w = 295, .box_w = 16, .box_h = 25, .ofs_x = -1, .ofs_y = 0},
    {.bitmap_index = 5204, .adv_w = 414, .box_w = 23, .box_h = 25, .ofs_x = 3, .ofs_y = 0},
    {.bitmap_index = 5376, .adv_w = 342, .box_w = 19, .box_h = 25, .ofs_x = 3, .ofs_y = 0},
    {.bitmap_index = 5409, .adv_w = 550, .box_w = 28, .box_h = 25, .ofs_x = 3, .ofs_y = 0},
    {.bitmap_index = 5596, .adv_w = 468, .box_w = 23, .box_h = 25, .ofs_x = 3, .ofs_y = 0},
    {.bitmap_index = 5732, .adv_w = 484, .box_w = 28, .box_h = 25, .ofs_x = 1, .ofs_y = 0},
    {.bitmap_index = 5971, .adv_w = 416, .box_w = 22, .box_h = 25, .ofs_x = 3, .ofs_y = 0},
    {.bitmap_index = 6090, .adv_w = 484, .box_w = 29, .box_h = 30, .ofs_x = 1, .ofs_y = -5},
    {.bitmap_index = 6385, .adv_w = 419, .box_w = 22, .box_h = 25, .ofs_x = 3, .ofs_y = 0},
    {.bitmap_index = 6535, .adv_w = 358, .box_w = 20, .box_h = 25, .ofs_x = 1, .ofs_y = 0},
    {.bitmap_index = 6717, .adv_w = 338, .box_w = 21, .box_h = 25, .ofs_x = 0, .ofs_y = 0},
    {.bitmap_index = 6755, .adv_w = 456, .box_w = 22, .box_h = 25, .ofs_x = 3, .ofs_y = 0},
    {.bitmap_index = 6867, .adv_w = 410, .box_w = 27, .box_h = 25, .ofs_x = -1, .ofs_y = 0},
    {.bitmap_index = 7083, .adv_w = 649, .box_w = 39, .box_h = 25, .ofs_x = 1, .ofs_y = 0},
    {.bitmap_index = 7433, .adv_w = 388, .box_w = 24, .box_h = 25, .ofs_x = 0, .ofs_y = 0},
    {.bitmap_index = 7650, .adv_w = 373, .box_w = 25, .box_h = 25, .ofs_x = -1, .ofs_y = 0},
    {.bitmap_index = 7807, .adv_w = 378, .box_w = 22, .box_h = 25, .ofs_x = 1, .ofs_y = 0},
    {.bitmap_index = 7950, .adv_w = 192, .box_w = 9, .box_h = 33, .ofs_x = 3, .ofs_y = -7},
    {.bitmap_index = 7982, .adv_w = 203, .box_w = 16, .box_h = 34, .ofs_x = -2, .ofs_y = -4},
    {.bitmap_index = 8163, .adv_w = 192, .box_w = 9, .box_h = 33, .ofs_x = 0, .ofs_y = -7},
    {.bitmap_index = 8195, .adv_w = 336, .box_w = 17, .box_h = 15, .ofs_x = 2, .ofs_y = 5},
    {.bitmap_index = 8291, .adv_w = 288, .box_w = 18, .box_h = 3, .ofs_x = 0, .ofs_y = -2},
    {.bitmap_index = 8301, .adv_w = 346, .box_w = 10, .box_h = 5, .ofs_x = 4, .ofs_y = 22},
    {.bitmap_index = 8323, .adv_w = 344, .box_w = 18, .box_h = 19, .ofs_x = 1, .ofs_y = 0},
    {.bitmap_index = 8458, .adv_w = 393, .box_w = 21, .box_h = 26, .ofs_x = 3, .ofs_y = 0},
    {.bitmap_index = 8608, .adv_w = 329, .box_w = 19, .box_h = 19, .ofs_x = 1, .ofs_y = 0},
    {.bitmap_index = 8744, .adv_w = 393, .box_w = 21, .box_h = 26, .ofs_x = 1, .ofs_y = 0},
    {.bitmap_index = 8897, .adv_w = 353, .box_w = 20, .box_h = 19, .ofs_x = 1, .ofs_y = 0},
    {.bitmap_index = 9038, .adv_w = 203, .box_w = 14, .box_h = 26, .ofs_x = 0, .ofs_y = 0},
    {.bitmap_index = 9106, .adv_w = 397, .box_w = 21, .box_h = 26, .ofs_x = 1, .ofs_y = -7},
    {.bitmap_index = 9313, .adv_w = 392, .box_w = 19, .box_h = 26, .ofs_x = 3, .ofs_y = 0},
    {.bitmap_index = 9394, .adv_w = 161, .box_w = 6, .box_h = 27, .ofs_x = 2, .ofs_y = 0},
    {.bitmap_index = 9424, .adv_w = 164, .box_w = 12, .box_h = 34, .ofs_x = -4, .ofs_y = -7},
    {.bitmap_index = 9497, .adv_w = 355, .box_w = 20, .box_h = 26, .ofs_x = 3, .ofs_y = 0},
    {.bitmap_index = 9629, .adv_w = 161, .box_w = 4, .box_h = 26, .ofs_x = 3, .ofs_y = 0},
    {.bitmap_index = 9638, .adv_w = 609, .box_w = 32, .box_h = 19, .ofs_x = 3, .ofs_y = 0},
    {.bitmap_index = 9772, .adv_w = 392, .box_w = 19, .box_h = 19, .ofs_x = 3, .ofs_y = 0},
    {.bitmap_index = 9849, .adv_w = 366, .box_w = 21, .box_h = 19, .ofs_x = 1, .ofs_y = 0},
    {.bitmap_index = 10002, .adv_w = 393, .box_w = 21, .box_h = 26, .ofs_x = 3, .ofs_y = -7},
    {.bitmap_index = 10160, .adv_w = 393, .box_w = 21, .box_h = 26, .ofs_x = 1, .ofs_y = -7},
    {.bitmap_index = 10314, .adv_w = 236, .box_w = 11, .box_h = 19, .ofs_x = 3, .ofs_y = 0},
    {.bitmap_index = 10356, .adv_w = 289, .box_w = 17, .box_h = 19, .ofs_x = 0, .ofs_y = 0},
    {.bitmap_index = 10489, .adv_w = 238, .box_w = 14, .box_h = 23, .ofs_x = 0, .ofs_y = 0},
    {.bitmap_index = 10554, .adv_w = 390, .box_w = 19, .box_h = 19, .ofs_x = 3, .ofs_y = 0},
    {.bitmap_index = 10631, .adv_w = 322, .box_w = 22, .box_h = 19, .ofs_x = -1, .ofs_y = 0},
    {.bitmap_index = 10782, .adv_w = 518, .box_w = 33, .box_h = 19, .ofs_x = 0, .ofs_y = 0},
    {.bitmap_index = 11025, .adv_w = 318, .box_w = 20, .box_h = 19, .ofs_x = 0, .ofs_y = 0},
    {.bitmap_index = 11174, .adv_w = 322, .box_w = 22, .box_h = 26, .ofs_x = -1, .ofs_y = -7},
    {.bitmap_index = 11373, .adv_w = 300, .box_w = 17, .box_h = 19, .ofs_x = 1, .ofs_y = 0},
    {.bitmap_index = 11468, .adv_w = 202, .box_w = 10, .box_h = 33, .ofs_x = 2, .ofs_y = -7},
    {.bitmap_index = 11549, .adv_w = 172, .box_w = 4, .box_h = 33, .ofs_x = 3, .ofs_y = -7},
    {.bitmap_index = 11557, .adv_w = 202, .box_w = 11, .box_h = 33, .ofs_x = 0, .ofs_y = -7},
    {.bitmap_index = 11643, .adv_w = 335, .box_w = 17, .box_h = 6, .ofs_x = 2, .ofs_y = 9},
    {.bitmap_index = 11693, .adv_w = 155, .box_w = 0, .box_h = 0, .ofs_x = 0, .ofs_y = 0},
    {.bitmap_index = 11693, .adv_w = 154, .box_w = 6, .box_h = 25, .ofs_x = 2, .ofs_y = -6},
    {.bitmap_index = 11752, .adv_w = 329, .box_w = 19, .box_h = 28, .ofs_x = 1, .ofs_y = -4},
    {.bitmap_index = 11905, .adv_w = 372, .box_w = 22, .box_h = 25, .ofs_x = 1, .ofs_y = 0},
    {.bitmap_index = 12018, .adv_w = 403, .box_w = 24, .box_h = 24, .ofs_x = 1, .ofs_y = -1},
    {.bitmap_index = 12246, .adv_w = 407, .box_w = 27, .box_h = 25, .ofs_x = -1, .ofs_y = 0},
    {.bitmap_index = 12421, .adv_w = 172, .box_w = 4, .box_h = 33, .ofs_x = 3, .ofs_y = -7},
    {.bitmap_index = 12440, .adv_w = 288, .box_w = 17, .box_h = 29, .ofs_x = 0, .ofs_y = -4},
    {.bitmap_index = 12644, .adv_w = 346, .box_w = 11, .box_h = 4, .ofs_x = 5, .ofs_y = 22},
    {.bitmap_index = 12666, .adv_w = 462, .box_w = 27, .box_h = 25, .ofs_x = 1, .ofs_y = 0},
    {.bitmap_index = 12938, .adv_w = 233, .box_w = 12, .box_h = 12, .ofs_x = 1, .ofs_y = 15},
    {.bitmap_index = 13006, .adv_w = 290, .box_w = 16, .box_h = 14, .ofs_x = 1, .ofs_y = 3},
    {.bitmap_index = 13112, .adv_w = 335, .box_w = 17, .box_h = 10, .ofs_x = 2, .ofs_y = 4},
    {.bitmap_index = 13136, .adv_w = 221, .box_w = 10, .box_h = 3, .ofs_x = 2, .ofs_y = 8},
    {.bitmap_index = 13143, .adv_w = 462, .box_w = 27, .box_h = 25, .ofs_x = 1, .ofs_y = 0},
    {.bitmap_index = 13393, .adv_w = 346, .box_w = 13, .box_h = 3, .ofs_x = 4, .ofs_y = 23},
    {.bitmap_index = 13403, .adv_w = 241, .box_w = 13, .box_h = 12, .ofs_x = 1, .ofs_y = 14},
    {.bitmap_index = 13472, .adv_w = 335, .box_w = 17, .box_h = 22, .ofs_x = 2, .ofs_y = 0},
    {.bitmap_index = 13528, .adv_w = 248, .box_w = 13, .box_h = 15, .ofs_x = 1, .ofs_y = 12},
    {.bitmap_index = 13605, .adv_w = 248, .box_w = 14, .box_h = 15, .ofs_x = 0, .ofs_y = 12},
    {.bitmap_index = 13685, .adv_w = 346, .box_w = 10, .box_h = 5, .ofs_x = 8, .ofs_y = 22},
    {.bitmap_index = 13708, .adv_w = 393, .box_w = 19, .box_h = 26, .ofs_x = 3, .ofs_y = -7},
    {.bitmap_index = 13789, .adv_w = 373, .box_w = 20, .box_h = 30, .ofs_x = 0, .ofs_y = -4},
    {.bitmap_index = 13875, .adv_w = 154, .box_w = 6, .box_h = 5, .ofs_x = 2, .ofs_y = 7},
    {.bitmap_index = 13890, .adv_w = 346, .box_w = 9, .box_h = 8, .ofs_x = 6, .ofs_y = -8},
    {.bitmap_index = 13922, .adv_w = 248, .box_w = 12, .box_h = 15, .ofs_x = 2, .ofs_y = 12},
    {.bitmap_index = 13953, .adv_w = 241, .box_w = 13, .box_h = 12, .ofs_x = 1, .ofs_y = 15},
    {.bitmap_index = 14023, .adv_w = 290, .box_w = 16, .box_h = 14, .ofs_x = 1, .ofs_y = 3},
    {.bitmap_index = 14129, .adv_w = 596, .box_w = 35, .box_h = 26, .ofs_x = 2, .ofs_y = 0},
    {.bitmap_index = 14357, .adv_w = 596, .box_w = 34, .box_h = 25, .ofs_x = 2, .ofs_y = 0},
    {.bitmap_index = 14593, .adv_w = 596, .box_w = 37, .box_h = 26, .ofs_x = 0, .ofs_y = 0},
    {.bitmap_index = 14885, .adv_w = 330, .box_w = 19, .box_h = 25, .ofs_x = 2, .ofs_y = -6},
    {.bitmap_index = 15031, .adv_w = 422, .box_w = 28, .box_h = 32, .ofs_x = -1, .ofs_y = 0},
    {.bitmap_index = 15283, .adv_w = 422, .box_w = 28, .box_h = 32, .ofs_x = -1, .ofs_y = 0},
    {.bitmap_index = 15536, .adv_w = 422, .box_w = 28, .box_h = 32, .ofs_x = -1, .ofs_y = 0},
    {.bitmap_index = 15800, .adv_w = 422, .box_w = 28, .box_h = 32, .ofs_x = -1, .ofs_y = 0},
    {.bitmap_index = 16065, .adv_w = 422, .box_w = 28, .box_h = 31, .ofs_x = -1, .ofs_y = 0},
    {.bitmap_index = 16322, .adv_w = 422, .box_w = 28, .box_h = 35, .ofs_x = -1, .ofs_y = 0},
    {.bitmap_index = 16605, .adv_w = 603, .box_w = 37, .box_h = 25, .ofs_x = -1, .ofs_y = 0},
    {.bitmap_index = 16784, .adv_w = 416, .box_w = 24, .box_h = 33, .ofs_x = 1, .ofs_y = -8},
    {.bitmap_index = 17029, .adv_w = 386, .box_w = 20, .box_h = 32, .ofs_x = 3, .ofs_y = 0},
    {.bitmap_index = 17118, .adv_w = 386, .box_w = 20, .box_h = 32, .ofs_x = 3, .ofs_y = 0},
    {.bitmap_index = 17208, .adv_w = 386, .box_w = 20, .box_h = 32, .ofs_x = 3, .ofs_y = 0},
    {.bitmap_index = 17305, .adv_w = 386, .box_w = 20, .box_h = 31, .ofs_x = 3, .ofs_y = 0},
    {.bitmap_index = 17396, .adv_w = 179, .box_w = 11, .box_h = 32, .ofs_x = -2, .ofs_y = 0},
    {.bitmap_index = 17440, .adv_w = 179, .box_w = 11, .box_h = 32, .ofs_x = 2, .ofs_y = 0},
    {.bitmap_index = 17484, .adv_w = 179, .box_w = 14, .box_h = 32, .ofs_x = -1, .ofs_y = 0},
    {.bitmap_index = 17541, .adv_w = 179, .box_w = 11, .box_h = 31, .ofs_x = 0, .ofs_y = 0},
    {.bitmap_index = 17585, .adv_w = 480, .box_w = 29, .box_h = 25, .ofs_x = 0, .ofs_y = 0},
    {.bitmap_index = 17758, .adv_w = 468, .box_w = 23, .box_h = 32, .ofs_x = 3, .ofs_y = 0},
    {.bitmap_index = 17943, .adv_w = 484, .box_w = 28, .box_h = 32, .ofs_x = 1, .ofs_y = 0},
    {.bitmap_index = 18219, .adv_w = 484, .box_w = 28, .box_h = 32, .ofs_x = 1, .ofs_y = 0},
    {.bitmap_index = 18497, .adv_w = 484, .box_w = 28, .box_h = 32, .ofs_x = 1, .ofs_y = 0},
    {.bitmap_index = 18785, .adv_w = 484, .box_w = 28, .box_h = 32, .ofs_x = 1, .ofs_y = 0},
    {.bitmap_index = 19077, .adv_w = 484, .box_w = 28, .box_h = 32, .ofs_x = 1, .ofs_y = 0},
    {.bitmap_index = 19357, .adv_w = 335, .box_w = 15, .box_h = 15, .ofs_x = 3, .ofs_y = 5},
    {.bitmap_index = 19452, .adv_w = 484, .box_w = 28, .box_h = 30, .ofs_x = 1, .ofs_y = -2},
    {.bitmap_index = 19756, .adv_w = 456, .box_w = 22, .box_h = 32, .ofs_x = 3, .ofs_y = 0},
    {.bitmap_index = 19906, .adv_w = 456, .box_w = 22, .box_h = 32, .ofs_x = 3, .ofs_y = 0},
    {.bitmap_index = 20059, .adv_w = 456, .box_w = 22, .box_h = 32, .ofs_x = 3, .ofs_y = 0},
    {.bitmap_index = 20219, .adv_w = 456, .box_w = 22, .box_h = 32, .ofs_x = 3, .ofs_y = 0},
    {.bitmap_index = 20372, .adv_w = 373, .box_w = 25, .box_h = 32, .ofs_x = -1, .ofs_y = 0},
    {.bitmap_index = 20568, .adv_w = 416, .box_w = 22, .box_h = 25, .ofs_x = 3, .ofs_y = 0},
    {.bitmap_index = 20686, .adv_w = 389, .box_w = 20, .box_h = 26, .ofs_x = 3, .ofs_y = 0},
    {.bitmap_index = 20867, .adv_w = 344, .box_w = 18, .box_h = 26, .ofs_x = 1, .ofs_y = 0},
    {.bitmap_index = 21038, .adv_w = 344, .box_w = 18, .box_h = 26, .ofs_x = 1, .ofs_y = 0},
    {.bitmap_index = 21207, .adv_w = 344, .box_w = 18, .box_h = 26, .ofs_x = 1, .ofs_y = 0},
    {.bitmap_index = 21384, .adv_w = 344, .box_w = 18, .box_h = 26, .ofs_x = 1, .ofs_y = 0},
    {.bitmap_index = 21558, .adv_w = 344, .box_w = 18, .box_h = 26, .ofs_x = 1, .ofs_y = 0},
    {.bitmap_index = 21729, .adv_w = 344, .box_w = 18, .box_h = 29, .ofs_x = 1, .ofs_y = 0},
    {.bitmap_index = 21923, .adv_w = 570, .box_w = 34, .box_h = 19, .ofs_x = 1, .ofs_y = 0},
    {.bitmap_index = 22167, .adv_w = 329, .box_w = 19, .box_h = 27, .ofs_x = 1, .ofs_y = -8},
    {.bitmap_index = 22352, .adv_w = 353, .box_w = 20, .box_h = 26, .ofs_x = 1, .ofs_y = 0},
    {.bitmap_index = 22529, .adv_w = 353, .box_w = 20, .box_h = 26, .ofs_x = 1, .ofs_y = 0},
    {.bitmap_index = 22707, .adv_w = 353, .box_w = 20, .box_h = 26, .ofs_x = 1, .ofs_y = 0},
    {.bitmap_index = 22893, .adv_w = 353, .box_w = 20, .box_h = 26, .ofs_x = 1, .ofs_y = 0},
    {.bitmap_index = 23071, .adv_w = 161, .box_w = 10, .box_h = 26, .ofs_x = -2, .ofs_y = 0},
    {.bitmap_index = 23111, .adv_w = 161, .box_w = 10, .box_h = 26, .ofs_x = 2, .ofs_y = 0},
    {.bitmap_index = 23151, .adv_w = 161, .box_w = 12, .box_h = 26, .ofs_x = -1, .ofs_y = 0},
    {.bitmap_index = 23200, .adv_w = 161, .box_w = 10, .box_h = 26, .ofs_x = 0, .ofs_y = 0},
    {.bitmap_index = 23240, .adv_w = 369, .box_w = 21, .box_h = 26, .ofs_x = 1, .ofs_y = 0},
    {.bitmap_index = 23463, .adv_w = 392, .box_w = 19, .box_h = 26, .ofs_x = 3, .ofs_y = 0},
    {.bitmap_index = 23581, .adv_w = 366, .box_w = 21, .box_h = 26, .ofs_x = 1, .ofs_y = 0},
    {.bitmap_index = 23770, .adv_w = 366, .box_w = 21, .box_h = 26, .ofs_x = 1, .ofs_y = 0},
    {.bitmap_index = 23960, .adv_w = 366, .box_w = 21, .box_h = 26, .ofs_x = 1, .ofs_y = 0},
    {.bitmap_index = 24157, .adv_w = 366, .box_w = 21, .box_h = 26, .ofs_x = 1, .ofs_y = 0},
    {.bitmap_index = 24350, .adv_w = 366, .box_w = 21, .box_h = 26, .ofs_x = 1, .ofs_y = 0},
    {.bitmap_index = 24540, .adv_w = 335, .box_w = 17, .box_h = 19, .ofs_x = 2, .ofs_y = 3},
    {.bitmap_index = 24616, .adv_w = 366, .box_w = 21, .box_h = 25, .ofs_x = 1, .ofs_y = -3},
    {.bitmap_index = 24819, .adv_w = 390, .box_w = 19, .box_h = 26, .ofs_x = 3, .ofs_y = 0},
    {.bitmap_index = 24933, .adv_w = 390, .box_w = 19, .box_h = 26, .ofs_x = 3, .ofs_y = 0},
    {.bitmap_index = 25047, .adv_w = 390, .box_w = 19, .box_h = 26, .ofs_x = 3, .ofs_y = 0},
    {.bitmap_index = 25168, .adv_w = 390, .box_w = 19, .box_h = 26, .ofs_x = 3, .ofs_y = 0},
    {.bitmap_index = 25283, .adv_w = 322, .box_w = 22, .box_h = 33, .ofs_x = -1, .ofs_y = -7},
    {.bitmap_index = 25521, .adv_w = 393, .box_w = 21, .box_h = 33, .ofs_x = 3, .ofs_y = -7},
    {.bitmap_index = 25683, .adv_w = 322, .box_w = 22, .box_h = 33, .ofs_x = -1, .ofs_y = -7}
};

/*---------------------
 *  CHARACTER MAPPING
 *--------------------*/



/*Collect the unicode lists and glyph_id offsets*/
static const lv_font_fmt_txt_cmap_t cmaps[] =
{
    {
        .range_start = 32, .range_length = 95, .glyph_id_start = 1,
        .unicode_list = NULL, .glyph_id_ofs_list = NULL, .list_length = 0, .type = LV_FONT_FMT_TXT_CMAP_FORMAT0_TINY
    },
    {
        .range_start = 160, .range_length = 96, .glyph_id_start = 96,
        .unicode_list = NULL, .glyph_id_ofs_list = NULL, .list_length = 0, .type = LV_FONT_FMT_TXT_CMAP_FORMAT0_TINY
    }
};

/*-----------------
 *    KERNING
 *----------------*/


/*Map glyph_ids to kern left classes*/
static const uint8_t kern_left_class_mapping[] =
{
    0, 0, 1, 2, 0, 3, 4, 5,
    2, 6, 7, 8, 9, 10, 9, 10,
    11, 12, 0, 13, 14, 15, 16, 17,
    18, 19, 12, 20, 20, 0, 0, 0,
    21, 22, 23, 24, 25, 22, 26, 27,
    28, 29, 29, 30, 31, 32, 29, 29,
    22, 33, 34, 35, 3, 36, 30, 37,
    37, 38, 39, 40, 41, 42, 43, 0,
    44, 0, 45, 46, 47, 48, 49, 50,
    51, 45, 52, 52, 53, 48, 45, 45,
    46, 46, 54, 55, 56, 57, 51, 58,
    58, 59, 58, 60, 41, 0, 0, 9,
    0, 61, 47, 62, 63, 64, 0, 65,
    0, 22, 8, 66, 0, 9, 22, 0,
    67, 0, 0, 0, 0, 51, 29, 9,
    0, 0, 8, 9, 0, 0, 0, 68,
    23, 23, 23, 23, 23, 23, 26, 25,
    26, 26, 26, 26, 29, 29, 29, 29,
    22, 29, 22, 22, 22, 22, 22, 0,
    22, 30, 30, 30, 30, 39, 69, 46,
    45, 45, 45, 45, 45, 45, 49, 47,
    49, 49, 49, 49, 51, 51, 70, 51,
    71, 45, 46, 46, 46, 46, 46, 9,
    46, 51, 51, 51, 51, 58, 46, 58
};

/*Map glyph_ids to kern right classes*/
static const uint8_t kern_right_class_mapping[] =
{
    0, 0, 1, 2, 0, 3, 4, 5,
    2, 6, 7, 8, 9, 10, 9, 10,
    11, 12, 13, 14, 15, 16, 17, 12,
    18, 19, 20, 21, 21, 0, 0, 0,
    22, 23, 24, 25, 23, 25, 25, 25,
    23, 25, 25, 26, 25, 25, 25, 25,
    23, 25, 23, 25, 3, 27, 28, 29,
    29, 30, 31, 32, 33, 34, 35, 0,
    36, 0, 37, 38, 39, 39, 39, 0,
    39, 38, 40, 41, 38, 38, 42, 42,
    39, 42, 39, 42, 43, 44, 45, 46,
    46, 47, 46, 48, 0, 0, 35, 9,
    0, 49, 39, 50, 51, 52, 0, 53,
    0, 23, 8, 9, 9, 9, 23, 0,
    54, 0, 0, 0, 0, 42, 55, 9,
    0, 0, 8, 56, 0, 0, 0, 57,
    24, 24, 24, 24, 24, 24, 24, 23,
    25, 25, 25, 25, 25, 25, 25, 25,
    25, 25, 23, 23, 23, 23, 23, 0,
    23, 28, 28, 28, 28, 31, 25, 38,
    37, 37, 37, 37, 37, 37, 37, 39,
    39, 39, 39, 39, 58, 42, 59, 60,
    39, 42, 39, 39, 39, 39, 39, 9,
    39, 45, 45, 45, 45, 46, 38, 46
};

/*Kern values between classes*/
static const int8_t kern_class_values[] =
{
    0, 2, 0, 0, 0, 0, 0, 0,
    0, 2, 0, 0, 6, 0, 0, 0,
    0, 4, 0, 0, 0, 0, 0, 0,
    0, 0, 0, 0, 0, 0, 0, 0,
    0, 0, 2, 0, 0, 0, 0, 0,
    0, 0, 0, 0, 0, 0, 0, 0,
    0, 0, 0, 6, 0, 0, 0, 0,
    0, 0, 0, 0, 2, 26, 0, 16,
    -13, 0, 0, 0, 0, -32, -35, 4,
    27, 13, 10, -23, 4, 28, 2, 24,
    6, 18, 0, 0, 0, 0, 0, 0,
    0, 0, 0, 0, 0, 35, 5, -4,
    0, 0, 0, 0, 0, 0, 0, 0,
    0, 0, 0, 0, 0, 0, -12, 12,
    0, 12, 26, 0, -25, 0, 0, 0,
    0, -17, 0, 0, 0, 0, 0, -12,
    10, 12, 0, 0, -6, 0, -4, 6,
    0, -6, 0, -6, -3, -12, 0, 0,
    0, 0, -6, 0, 0, -7, -9, 0,
    0, -6, 0, -12, 0, 0, 0, 0,
    0, 0, 0, 0, 0, -6, -6, 0,
    -1, 0, 0, 0, 0, -9, 0, 0,
    -6, 0, 0, 0, 0, -16, 0, -70,
    0, 0, -12, 0, 12, 17, 1, 0,
    -12, 6, 6, 19, 12, -10, 12, 0,
    0, -33, 0, 0, 0, 0, 0, 0,
    0, 0, 0, 0, 0, -21, 0, 0,
    0, 0, 0, 0, 0, 0, 0, 0,
    0, 0, 0, 0, 0, 0, 0, 0,
    0, -16, 0, 0, 0, 0, 0, 0,
    -7, -28, 0, -23, -4, 0, 0, 0,
    0, 1, 22, 0, -17, -5, -2, 2,
    0, -10, 0, 0, -4, -43, 0, 0,
    0, 0, 0, 0, 0, 0, 0, 0,
    0, -46, -5, 22, 0, 0, 0, 0,
    0, 0, 0, 0, 0, 0, 0, 0,
    -6, 0, 0, 0, 0, -24, -25, 0,
    -2, 0, 0, 0, 0, 0, 0, 0,
    0, 0, 0, 0, 0, 0, 19, 0,
    6, 0, 0, -12, 0, 0, 0, 0,
    0, 0, 0, 0, 0, 0, 0, 0,
    0, 0, 0, 0, 0, 22, 5, 2,
    0, 0, 0, 0, 0, 0, 0, 0,
    0, 0, 0, 0, 0, 0, 0, 8,
    0, 0, 0, 0, 0, 0, 0, 0,
    0, 0, 0, 0, 0, 0, 0, 0,
    0, 0, 0, 0, 0, 0, 0, 0,
    0, 0, 0, 0, 0, 0, 0, 0,
    0, 0, -21, 0, 0, 0, 0, 0,
    0, 0, 0, 0, 0, 0, 0, 0,
    0, 0, 0, 0, 0, 0, 0, 0,
    0, 0, 0, 0, 0, 0, 0, 0,
    0, 0, 0, 0, 4, 12, 6, 17,
    -6, 0, 0, 12, -6, -19, -79, 4,
    16, 12, 1, -7, 0, 21, 0, 18,
    0, 18, 0, -54, 0, -7, 17, 0,
    19, -6, 12, 6, 0, 0, 2, -6,
    0, 0, -10, 46, 0, 46, 0, 17,
    0, 24, 7, 10, 0, 0, 4, 0,
    0, 17, 21, 7, -47, 46, 46, 46,
    0, 0, 0, -21, 0, 0, 0, 0,
    2, -4, 0, 4, -10, -7, -12, 4,
    0, -6, 0, 0, 0, -23, 0, 0,
    0, 0, 0, 0, 0, 0, 0, 0,
    0, -37, 0, 0, 0, 0, 0, 0,
    0, 0, 0, 0, 0, 0, 0, 0,
    0, 0, 4, -13, 6, 0, -50, -6,
    0, 0, 0, 0, 2, -32, 0, -36,
    0, 0, 0, 0, -4, 0, 57, -7,
    -7, 6, 6, -5, 0, -7, 6, 0,
    0, -31, 0, 0, 0, 0, 0, 0,
    0, 0, 0, 0, 0, -56, 0, 6,
    0, 0, 0, 0, 0, 0, 0, 0,
    0, 0, 0, 0, 2, 0, -6, -17,
    0, -36, -74, 2, 6, 0, 0, 0,
    0, 35, 0, 0, -21, 0, 19, 0,
    -39, -56, -39, -12, 17, 0, 0, -39,
    0, 7, -13, 0, -9, 0, 0, 0,
    0, 0, 0, 0, 0, 0, 0, 0,
    0, 15, 17, -70, 0, 0, 0, 0,
    0, 0, 0, 0, 0, 0, 0, 0,
    -37, -6, 0, 23, -12, 27, 0, -28,
    -43, 0, 0, 0, 0, 4, 0, 0,
    0, 0, 0, 4, 4, -7, -12, 0,
    -2, -2, -6, 0, 0, -4, 0, 0,
    0, -12, 0, -5, 0, -13, -12, 0,
    -14, -19, -19, -11, 0, -12, 0, -12,
    0, 0, 0, 0, -5, 0, 0, 6,
    0, 4, -6, 0, 0, 0, 0, -7,
    0, 2, 0, 0, -17, 0, 0, 0,
    0, 0, 0, 6, -4, 0, 0, 0,
    -4, 6, 6, -2, 0, 0, 0, -11,
    0, -2, 0, 0, 0, 0, 0, 2,
    0, 7, -4, 0, -7, 0, -10, 0,
    0, -4, 0, 17, 0, 0, -6, 0,
    0, 0, 0, 0, -2, 2, -4, -4,
    0, 0, 0, 0, 0, 0, 0, 0,
    0, 0, 0, 0, 0, -6, 0, -6,
    0, 0, 0, 0, 0, 0, 0, 0,
    0, -3, -3, 0, -6, -7, 0, 0,
    0, 0, 0, 2, 0, 0, -4, 0,
    -6, -6, -6, 0, 0, 0, 0, 0,
    0, 0, 0, 0, -3, 0, 0, 0,
    0, -4, -7, 0, 0, 0, 0, 0,
    0, -9, 0, 0, 0, 0, 0, 0,
    0, -17, -4, -17, 12, 0, 0, -12,
    6, 12, 16, 0, -14, -2, -7, 0,
    -2, -27, 6, -4, 4, -31, 6, 0,
    0, 2, -30, 0, -31, -5, -50, -4,
    0, -29, 0, 12, 16, 0, 7, 0,
    0, 0, 0, 1, 0, -10, -7, 0,
    0, 6, 6, -6, 12, -17, -10, 0,
    6, 0, 0, 0, 0, 0, 0, -6,
    0, 0, 0, -6, 0, 0, 0, 0,
    0, -3, -3, 0, -3, -7, 0, 0,
    0, 0, 0, 0, 0, -6, -6, 0,
    -4, -7, -5, 0, 0, -6, 0, 0,
    0, 0, 0, 0, 0, 0, 0, 0,
    0, -5, -5, 0, 0, 0, 0, 0,
    0, -7, 0, 0, 0, 0, 0, 0,
    0, -4, 0, -12, 6, 0, 0, -7,
    3, 6, 6, 0, 0, 0, 0, 0,
    0, -4, 0, 0, 0, 0, 0, 4,
    0, 0, -6, 0, -6, -4, -7, 0,
    0, 0, 0, 0, 0, 0, 5, 0,
    -5, 0, 0, 0, 0, -6, -9, 0,
    0, 0, 6, 0, 12, -11, 0, 0,
    0, 0, 0, 0, 0, 17, -4, 2,
    -18, 0, 0, 16, -29, -30, -24, -12,
    6, 0, -5, -37, -10, 0, -10, 0,
    -12, 9, -10, -37, 0, -16, 0, 0,
    3, -2, 5, -4, 0, 6, 1, -17,
    -22, 0, -29, -14, -12, -14, -17, -7,
    -16, -1, -11, -16, -16, -7, -12, 7,
    -6, 3, 16, -10, -36, -14, -14, -14,
    0, 2, 0, -6, 0, 0, 0, 4,
    0, 6, 0, 0, 0, 0, 0, 0,
    0, 0, 0, 0, 0, -6, 0, -3,
    0, -2, -6, 0, -10, -13, -13, -2,
    0, -17, 0, 0, 0, 0, 0, 0,
    -5, 0, 0, 0, 0, 2, -3, 0,
    0, 0, 0, -6, 6, 0, 0, 0,
    -12, 0, 0, 0, 0, 6, 0, 0,
    0, 0, 0, 0, 0, 0, 28, 0,
    0, 0, 0, 0, 0, 4, 0, 0,
    0, -6, 0, 0, 0, 0, 0, 0,
    0, 0, 0, 0, 0, -10, 0, 6,
    0, 0, 0, 0, 0, 0, 0, 0,
    0, 0, 0, 0, 0, 0, 0, -23,
    0, 0, 0, 0, 0, 0, 0, 0,
    -4, 0, 0, 0, -11, 0, 0, 0,
    0, -29, -17, 0, 0, 0, -9, -29,
    0, 0, -6, 6, 0, -16, 0, 0,
    0, 0, 0, 0, 0, 0, 0, 0,
    -9, 0, 0, -11, 0, 0, 0, 0,
    0, 0, 0, 0, 0, 0, 0, 0,
    -4, 0, 0, -9, 0, 6, 0, 6,
    -62, 0, 0, 0, 0, -10, 0, 0,
    0, 0, 7, 0, 4, -12, -12, 0,
    -6, -6, -7, 0, 0, 0, 0, 0,
    0, -17, 0, -6, 0, -9, -6, 0,
    -13, -14, -17, -5, 0, -12, 0, -17,
    0, 0, 0, 0, 46, 0, 0, 3,
    0, 0, -7, 0, 0, 0, 0, 0,
    0, 6, 0, 0, -12, 0, 0, 0,
    0, -25, 0, 0, 0, 0, 0, -54,
    -10, 19, 17, -5, -24, 0, 6, -9,
    0, -29, -3, -7, 6, -40, -6, 7,
    0, 9, -20, -9, -21, -19, -24, 0,
    0, -35, 0, 33, 0, 0, -3, 0,
    0, 0, -3, -3, -6, -16, -19, -1,
    6, 0, 0, 0, 0, -54, -46, 7,
    12, 0, 0, 0, 0, 0, 0, 0,
    0, 0, 0, 0, 0, 2, 0, 0,
    0, 0, 0, 0, 0, 0, 0, 0,
    0, 0, 0, 0, 0, 0, -6, 0,
    -3, -6, -9, 0, 0, -12, 0, -6,
    0, 0, 0, 0, 0, 0, 0, 0,
    0, 0, 0, 0, 0, 0, 0, 0,
    0, 0, 0, 0, 0, 0, 0, 0,
    0, 0, -2, 0, -12, 0, 0, 12,
    -2, 7, 0, -13, 6, -4, -2, -15,
    -6, 0, -7, -6, -4, 0, -9, -10,
    0, 0, -5, -2, -4, -10, -7, 0,
    0, -6, 0, 6, -4, 0, -13, 0,
    0, 0, -12, 0, -10, 0, -10, -10,
    -6, 0, 0, 0, -4, 6, 4, -2,
    -7, 0, 0, 0, 0, 0, 0, 0,
    0, 0, 0, 0, -12, 6, 0, -8,
    0, -4, -7, -18, -4, -4, -4, -2,
    -4, -7, -2, 0, 0, 0, 0, 0,
    -6, -5, -5, 0, 0, 0, 0, 7,
    -4, 0, -4, 0, 0, 0, -4, -7,
    -4, -5, -7, -5, -4, 0, 0, 0,
    -4, 0, 0, 0, 0, 0, 0, 0,
    5, 23, -2, 0, -16, 0, -4, 12,
    0, -6, -24, -7, 9, 1, 0, -27,
    -10, 6, -10, 4, 0, -4, -5, -18,
    0, -9, 3, 0, 0, -10, 0, 0,
    0, 6, 6, -12, -11, 0, -10, -6,
    -9, -6, -6, 0, -10, 3, -11, -10,
    -6, 0, 0, 0, -4, 17, 6, -7,
    -27, -6, 7, 2, 0, 0, 0, 0,
    0, 0, 0, 0, 0, 6, 0, 0,
    0, 0, 0, 0, 0, 0, 0, 0,
    0, 0, 0, 0, 0, 0, 0, 0,
    0, 0, 0, 0, 0, -10, 0, 0,
    0, 0, 0, 0, 0, 0, 0, 0,
    0, 0, 0, 0, 0, 0, 0, 0,
    0, 0, 0, 0, 0, 0, 0, 0,
    0, 0, 0, 0, 0, 0, 0, 0,
    0, 0, 0, 0, 0, 0, 0, 0,
    0, 0, 0, 0, 0, 0, 0, 0,
    0, 0, 0, 0, -4, 0, 0, 0,
    0, 0, 0, 0, 0, 0, 0, 0,
    0, 0, 0, 0, 0, 0, 0, 0,
    0, 0, 0, 0, 0, 0, 0, 0,
    0, 0, 0, 0, 0, 0, 0, 0,
    0, 0, 0, 0, 0, -5, -6, 0,
    0, 0, 0, 0, 0, 0, 0, 0,
    0, 0, 0, -9, 0, 0, -7, 0,
    0, -6, -6, 0, 0, 0, 0, -6,
    0, 0, 0, 0, -3, 0, 0, 0,
    0, 0, -4, 0, 0, 0, 0, 0,
    0, 0, 0, 0, -4, 0, 0, 0,
    0, 0, -9, 0, -12, 0, 0, 0,
    -19, 0, 4, -13, 12, 1, -4, -27,
    0, 0, -13, -6, 0, -23, -14, -16,
    0, 0, -25, -6, -23, -22, -28, 0,
    -15, 0, 5, 39, -7, 0, -13, -6,
    -2, -6, -10, -16, -10, -21, -24, -13,
    0, 0, 0, 0, 0, -6, -5, -2,
    0, -6, -6, -6, 0, 0, -4, 0,
    2, 0, 0, -40, -5, 17, 13, -13,
    -21, 0, 2, -18, 0, -29, -4, -6,
    12, -53, -7, 2, 0, 0, -37, -7,
    -30, -6, -42, 0, 0, -40, 0, 34,
    2, 0, -4, 0, 0, 0, 0, -3,
    -4, -22, -4, 0, 0, 0, 0, 0,
    0, -37, -45, 4, 0, 0, 0, 0,
    0, 0, 0, 0, -18, 0, -5, 0,
    -2, -16, -27, 0, 0, -3, -9, -17,
    -6, 0, -4, 0, 0, 0, 0, -26,
    -6, -19, -18, -5, -10, -14, -6, -10,
    0, -12, -5, -19, -9, 0, -7, -11,
    -6, -11, 0, 3, 0, -4, -19, 0,
    0, 0, 0, 0, 0, 12, 0, 0,
    -30, -11, -11, -11, 0, -10, 0, 0,
    0, 0, 7, 0, 4, -12, 24, 0,
    -6, -6, -7, 0, 0, 0, 0, 0,
    0, -17, 0, -6, 0, -9, -6, 0,
    -13, -14, -17, -5, 0, -12, 5, 23,
    0, 0, 0, 0, 46, 0, 0, 3,
    0, 0, -7, 0, 0, 0, 0, 0,
    0, 6, 0, 0, -12, 0, 0, 0,
    0, 0, 0, 0, 0, 0, 0, 0,
    -1, 0, 0, 0, 0, 0, -4, -12,
    0, 0, 0, 0, 0, -3, 0, 0,
    0, -6, -6, 0, 0, -12, -6, 0,
    0, -12, 0, 10, -3, 0, 0, 0,
    0, 0, 0, 3, 0, 0, 0, 0,
    0, 0, 0, 0, 0, 9, 0, 0,
    -6, 0, 0, 0, 12, 5, -5, 0,
    -18, -9, 0, 17, -19, -18, -12, -12,
    23, 10, 6, -50, -4, 12, -6, 0,
    -6, 6, -6, -20, 0, -6, 6, -7,
    -5, -17, -5, 0, 0, 17, 12, 0,
    -16, 0, -32, -7, 17, -7, -22, 2,
    -7, -19, -19, -6, -12, 0, 0, 0,
    0, 23, 17, -7, -33, 7, 20, 10,
    6, 0, -9, 0, -16, 0, 5, 19,
    -13, -21, -23, -14, 17, 0, 2, -42,
    -5, 6, -10, -4, -13, 0, -13, -21,
    -9, -9, -5, 0, 0, -13, -12, -6,
    0, 17, 13, -6, -32, 0, -32, -8,
    0, -20, -33, -2, -18, -10, -19, -16,
    -17, 0, 0, 0, 0, 16, 13, -7,
    -41, 10, 21, 11, 0, 0, -7, 0,
    -12, -5, 0, -6, -10, 0, 10, -19,
    6, 0, 0, -31, 0, -6, -13, -10,
    -4, -17, -14, -19, -13, 0, -17, -6,
    -13, -11, -17, -6, 0, 0, 2, 27,
    -10, 0, -17, -6, 0, -6, -12, -13,
    -16, -16, -22, -7, -6, 0, 0, 0,
    0, -12, 0, -5, 2, -6, -6, -6,
    12, 0, -9, 0, -29, -7, 3, 12,
    -18, -21, -12, -19, 19, -6, 3, -54,
    -10, 12, -13, -10, -21, 0, -17, -24,
    -7, -6, -5, -6, -12, -17, -2, 0,
    0, 17, 16, -4, -37, 0, -35, -13,
    14, -22, -39, -12, -20, -24, -29, -19,
    -23, 0, 0, 0, -12, 12, 13, -10,
    -47, 19, 17, 14, 0, 0, 0, 0,
    -7, 0, 0, 6, -7, 12, 4, -11,
    12, 0, 0, -18, -2, 0, -2, 0,
    2, 2, -5, 0, 0, 0, 0, 0,
    0, -6, 0, 0, 0, 0, 5, 17,
    1, 0, -7, 0, 0, 0, 0, -4,
    -4, -7, 0, 0, 2, 0, 0, 0,
    0, 0, 0, 0, 0, 0, 0, 0,
    2, 5, 0, 0, 0, 0, 5, 0,
    -5, 0, 22, 0, 10, 2, 2, -7,
    0, 12, 0, 0, 0, 5, 0, 0,
    0, 0, 0, 0, 0, 0, 0, 0,
    0, 17, 0, 16, 0, 0, 0, 0,
    0, 0, 0, 0, 0, 0, 0, 0,
    2, 0, 0, 8, 0, 0, 2, 0,
    0, 0, 0, 0, 0, -35, 0, -6,
    10, 0, 17, 0, 0, 57, 7, -12,
    -12, 6, 6, -4, 2, -29, 0, 0,
    28, -35, 0, 0, 0, 0, 0, 0,
    0, 0, 0, 0, 0, -39, 22, 81,
    0, 0, 0, 0, 0, 0, 0, 0,
    0, 0, 0, 0, 23, 0, 0, 0,
    17, -35, -17, 5, 17, 0, 0, 0,
    0, 0, 0, 0, 0, 0, 0, 0,
    0, 0, 0, 0, 0, 0, 0, 0,
    0, 0, 0, 0, 0, 0, 0, 0,
    0, 0, -9, 0, 0, -11, -5, 0,
    0, 0, 0, 0, 0, 0, 0, 0,
    0, 0, 0, 0, 0, 0, 0, 0,
    0, 0, 0, 0, 0, 0, 0, 0,
    0, 0, 0, 0, 0, -4, 0, -16,
    0, 0, 2, 0, 0, 6, 74, -12,
    -5, 18, 16, -16, 6, 0, 0, 6,
    6, -7, 0, 0, 0, 0, 0, 0,
    0, 0, 0, 0, 0, -75, 16, 0,
    0, 0, 0, 0, 0, 0, 0, 0,
    0, 0, 0, 0, 6, 10, -4, -6,
    16, 0, -41, 6, 0, 0, 0, 0,
    0, 0, 0, -16, 0, 0, 0, -16,
    0, 0, 0, 0, -13, -3, 0, 0,
    0, -13, 0, -7, 0, -27, 0, 0,
    0, 0, 0, 0, 0, 0, 0, 0,
    0, -39, 0, 0, 0, 0, 2, 0,
    0, 0, 0, 0, 0, -6, 0, 0,
    0, 0, 0, 0, 0, -11, -13, 0,
    0, 0, 0, 0, 0, -9, 0, -16,
    0, 0, 0, -10, 6, -7, 0, 0,
    -16, -6, -13, 0, 0, -16, 0, -6,
    0, -27, 0, -6, 0, 0, -47, -11,
    -23, -6, -21, 0, 0, -39, 0, -16,
    -3, 0, 0, 0, 0, 0, 0, 0,
    0, -9, -10, -5, 0, 0, 0, 0,
    0, -10, -13, 0, -6, 0, 0, 0,
    0, 0, 0, 0, -13, 0, -13, 7,
    -6, 12, 0, -4, -13, -4, -10, -11,
    0, -7, -3, -4, 4, -16, -2, 0,
    0, 0, -51, -5, -8, 0, -13, 0,
    -4, -27, -5, 0, 0, -4, -5, 0,
    0, 0, 0, 4, 0, -4, -10, -4,
    0, 0, 0, 0, -5, 10, 0, 0,
    -4, 0, 0, 0, 0, 0, 0, 0,
    0, 0, 0, 0, 0, 0, 0, 0,
    0, 0, 0, 0, 0, 0, 0, 0,
    0, 0, 0, 0, 0, 0, 0, 0,
    0, 0, 0, 0, 0, 0, 0, 0,
    0, 0, 0, 0, 0, 0, 0, 7,
    0, 0, 0, 0, 0, 0, 0, 0,
    0, 0, 0, 0, 0, 0, 0, 0,
    0, -13, 0, -4, 0, 0, 0, -12,
    6, 0, 0, 0, -16, -6, -12, 0,
    0, -16, 0, -6, 0, -27, 0, 0,
    0, 0, -56, 0, -12, -21, -29, 0,
    0, -39, 0, -4, -9, 0, 0, 0,
    0, 0, 0, 0, 0, -6, -9, -3,
    0, 0, 0, 0, 0, -9, -12, 0,
    -6, 0, 0, 0, 2, 0, 0, 10,
    -7, 0, 18, 28, -6, -6, -17, 7,
    28, 10, 13, -16, 7, 24, 7, 17,
    13, 16, 0, 0, 0, 0, 0, 0,
    0, 0, 0, 0, 0, 36, 27, -10,
    -6, 0, -5, 46, 25, 46, 0, 0,
    0, 6, 0, 0, 0, 0, 0, 0,
    0, 21, 24, -2, -7, 39, 28, 35,
    0, 0, -9, 0, 0, 0, 0, 0,
    0, 0, 0, 0, -4, 0, 0, 0,
    0, 0, 0, 0, 0, 8, 0, 0,
    0, 0, -48, -7, -5, -24, -28, 0,
    0, -39, 0, 0, 0, 0, 0, 0,
    0, 0, 0, 0, 0, 0, 0, 0,
    0, 0, 0, 0, 0, 0, 0, 0,
    0, 0, 0, 0, 0, 0, -9, 0,
    0, 0, 0, 0, 0, 0, 0, 0,
    -4, 0, 0, 0, 0, 0, 0, 0,
    0, 8, 0, 0, 0, 0, -48, -7,
    -5, -24, -28, 0, 0, -23, 0, 0,
    0, 0, 0, 0, 0, 0, 0, 0,
    0, 0, 0, 0, 0, 0, 0, 0,
    0, 0, 0, 0, 0, 0, 0, 0,
    0, 0, 0, 0, -5, 0, 0, 0,
    -13, 6, 0, -6, 5, 10, 6, -17,
    0, -1, -5, 6, 0, 5, 0, 0,
    0, 0, -14, 0, -5, -4, -12, 0,
    -5, -23, 0, 36, -6, 0, -13, -4,
    0, -4, -10, 0, -6, -16, -12, -7,
    0, 0, 0, 0, 0, 0, 0, 0,
    0, -4, -4, -4, 0, 0, -9, 0,
    0, 0, 0, 0, 0, 0, 0, 0,
    -4, 0, 0, 0, 0, 0, 0, 0,
    0, 8, 0, 0, 0, 0, -48, -7,
    -5, -24, -28, 0, 0, -39, 0, 0,
    0, 0, 0, 0, 29, 0, 0, 0,
    0, 0, 0, 0, 0, 0, 0, 0,
    0, 0, 0, 0, 0, 0, 0, 0,
    0, 0, -9, 0, -18, -7, -5, 17,
    -5, -6, -23, 2, -3, 2, -4, -16,
    1, 13, 1, 5, 2, 5, -14, -23,
    -7, 0, -22, -11, -16, -24, -22, 0,
    -9, -12, -7, -7, -5, -4, -7, -4,
    0, -4, -2, 9, 0, 9, -4, 0,
    0, 0, 0, 0, 6, 18, 17, 2,
    -21, -4, -4, -4, 0, 0, 0, 0,
    0, 0, 0, 0, 0, 0, 0, 0,
    -4, -6, -6, 0, 0, -16, 0, -3,
    0, -10, 0, 0, 0, 0, 0, 0,
    0, 0, 0, 0, 0, -35, 0, 0,
    0, 0, 0, 0, 0, 0, 0, 0,
    0, -6, -6, 0, 0, 0, 0, 0,
    0, -7, -13, 0, 0, 0, 0, 0,
    0, 0, 0, 0, -5, 0, 0, -10,
    -6, 6, 0, -10, -11, -4, 0, -17,
    -4, -13, -4, -7, 0, -10, 0, 0,
    0, 0, 0, 0, 0, 0, 0, 0,
    0, -39, 0, 18, 0, 0, -10, 0,
    0, 0, 0, -7, 0, -6, 0, 0,
    0, 0, 0, 0, -5, -3, -12, 0,
    0, 0, 0, 0, 0, 0, -4, 0,
    -13, 0, 0, 24, -7, -19, -18, 4,
    6, 6, -1, -16, 4, 9, 4, 17,
    4, 19, -4, -16, 0, 0, -23, 0,
    0, -17, -16, 0, 0, -12, 0, -7,
    -10, 0, -9, 0, -9, 0, -4, 9,
    0, -5, -17, -6, 0, 0, 0, 0,
    0, 21, 17, 0, -19, 0, 0, 0,
    0, 0, -5, 0, -12, 0, 0, 7,
    -13, 0, 6, -6, 5, 1, 0, -19,
    0, -4, -2, 0, -6, 6, -5, 0,
    0, 0, -24, -7, -13, 0, -17, 0,
    0, -27, 0, 21, -6, 0, -10, 0,
    3, 0, -6, 0, -6, -17, 0, -6,
    0, 0, 0, 0, 0, 6, 2, 0,
    0, 0, 0, 0, 0, 0, 0, 0,
    -4, 0, 0, 6, -7, 2, 0, 0,
    -7, -4, 0, -7, 0, 0, 0, 0,
    0, 0, 0, 0, 0, 0, 0, 0,
    0, 0, 0, 0, 0, -36, 0, 13,
    0, 0, -5, 0, 0, 0, 0, 1,
    0, -6, -6, 0, 0, 0, 0, 0,
    0, 0, 0, 0, 0, 0, 0, 0,
    0, 0, 0, 0, 0, 0, 0, 0,
    0, 2, 23, 0, -12, 0, 0, 0,
    0, 0, 0, 0, 0, -2, 0, 0,
    0, 0, 0, 0, 0, 0, 0, 0,
    0, -32, 2, 6, 0, 0, 0, 0,
    0, 0, 0, 0, 0, 0, 0, 0,
    0, 0, 0, -12, 0, 0, 0, 0,
    0, 0, 0, 0, 0, 0, -6, 0,
    -21, 0, 0, 15, -17, -2, 7, -21,
    10, -6, -6, -20, -7, 4, -19, -12,
    -17, 0, -7, -26, 0, -12, 0, 0,
    0, -6, 6, 0, 0, 10, 2, 10,
    -23, 0, -17, -12, -14, -12, -23, -12,
    -16, -12, -14, -23, -14, 0, 0, 0,
    -6, 0, 7, -7, -13, -12, 16, 5,
    0, 0, 0, 0, 0, 0, 0, 0,
    4, -6, 0, 0, 0, -5, 0, 0,
    0, -7, 0, 0, 0, 0, 0, 0,
    0, 0, 0, 0, 0, 0, 0, 0,
    0, 0, 0, -4, 0, 0, 0, 0,
    0, 0, 0, 0, 0, 0, 0, 0,
    0, 0, 0, 0, 0, 0, 0, 0,
    -4, 0, 0, 0, 6, 12, 0, 0,
    0, 0, 8, 0, -13, -17, -17, -7,
    17, 0, 6, -6, 0, 16, -6, 0,
    -23, 0, 0, 0, 0, 0, 0, 0,
    0, 0, 0, 0, 0, 29, 8, -6,
    0, 0, 0, 0, 0, 0, 0, 0,
    0, 0, 0, 0, -12, 0, 0, 0,
    0, 0, 0, 0, -23, 0, 0, 0,
    0, 0, 0, 0, 0, 0, 0, 0,
    12, 0, 13, 0, 0, 0, 0, 10,
    0, 4, 6, 0, 0, 0, 0, 0,
    0, 0, 0, 0, 0, 0, 0, 0,
    0, 0, 0, 4, 0, 0, 0, 0,
    0, 0, 0, 0, 0, 0, 0, 0,
    0, 0, 0, 0, 0, 0, 0, 0,
    0, 0, 0, 0, 0, 0, 0, 0,
    0, 0, 0, 0, -6, 2, 5, 0,
    -2, 0, 0, 4, 4, 0, 0, 0,
    0, -6, 0, 0, 0, 0, 0, 0,
    0, 0, 0, 0, 0, -33, 0, 6,
    0, 0, 0, 0, 0, 0, 0, 0,
    0, 0, 0, 0, 0, 0, 0, 0,
    0, 0, 0, 0, 4, 0, 0, 0,
    0, 12, 0, 13, 0, 0, 0, 0,
    0, -36, -33, 2, 25, 17, 10, -23,
    4, 24, 0, 21, 0, 12, 0, 0,
    0, 0, 0, 0, 0, 0, 0, 0,
    0, 31, 0, 0, 0, 0, 0, 0,
    0, 0, 0, 0, 0, 0, 0, 0,
    0, 0, 0, 0, 0, 0, 0, 0,
    -36, 0, 0, 0, -2, -20, 0, -35,
    -10, 0, 0, 0, -23, 2, 23, -28,
    -25, 0, 0, -25, 0, -25, -25, 0,
    -2, -77, 0, 0, 0, 0, 0, 0,
    0, 0, 0, 0, 0, -54, 5, 29,
    0, 0, 0, 0, 0, 0, 0, 0,
    0, 0, 0, 0, 0, 5, -11, -29,
    2, -33, -51, -6, -15, 0, 0, 0,
    0, 0, 0, 0, 0, 0, 0, 0,
    0, -13, -17, 0, -12, -14, -12, 0,
    -6, 0, 0, 0, 0, -17, 0, -17,
    0, -23, -14, 0, -6, -17, -17, -10,
    0, -23, 0, -17, -6, 0, 0, 0,
    -6, 0, 0, 3, 0, 0, -6, 0,
    0, 0, 0, 0, 0, 0, 0, 0,
    -14, 0, 0, 0, 0, 0, -9, 0,
    0, 0, 0, 46, 0, 0, 0, 0,
    -4, 0, 0, 0, 0, 0, 0, 0,
    0, 23, 0, 0, 0, 0, -48, -7,
    -5, -24, -28, 0, 0, -39, 0, 0,
    0, 0, 0, 0, 0, 0, 0, 0,
    0, 0, 0, 0, 0, 0, 0, 0,
    0, 0, 0, 0, 0, 0, 0, 0,
    0, 0, 0, 0, 0, 0, 0, 6,
    0, -10, 0, 4, 0, 0, -4, 0,
    0, 0, 0, 0, 0, -4, 0, 0,
    0, 0, 0, 0, 0, 0, 0, 0,
    0, -6, 0, -12, 0, 0, 0, 0,
    0, 0, 0, 0, 0, 0, 0, 0,
    0, 0, 0, 0, 0, 12, 0, 0,
    -4, 0, 0, 0
};


/*Collect the kern class' data in one place*/
static const lv_font_fmt_txt_kern_classes_t kern_classes =
{
    .class_pair_values   = kern_class_values,
    .left_class_mapping  = kern_left_class_mapping,
    .right_class_mapping = kern_right_class_mapping,
    .left_class_cnt      = 71,
    .right_class_cnt     = 60,
};

/*--------------------
 *  ALL CUSTOM DATA
 *--------------------*/

#if LVGL_VERSION_MAJOR == 8
/*Store all the custom data of the font*/
static  lv_font_fmt_txt_glyph_cache_t cache;
#endif

#if LVGL_VERSION_MAJOR >= 8
static const lv_font_fmt_txt_dsc_t font_dsc = {
#else
static lv_font_fmt_txt_dsc_t font_dsc = {
#endif
    .glyph_bitmap = glyph_bitmap,
    .glyph_dsc = glyph_dsc,
    .cmaps = cmaps,
    .kern_dsc = &kern_classes,
    .kern_scale = 16,
    .cmap_num = 2,
    .bpp = 4,
    .kern_classes = 1,
    .bitmap_format = 1,
#if LVGL_VERSION_MAJOR == 8
    .cache = &cache
#endif
};



/*-----------------
 *  PUBLIC FONT
 *----------------*/

/*Initialize a public general font descriptor*/
#if LVGL_VERSION_MAJOR >= 8
const lv_font_t attractap_font_montserrat_latin1_36 = {
#else
lv_font_t attractap_font_montserrat_latin1_36 = {
#endif
    .get_glyph_dsc = lv_font_get_glyph_dsc_fmt_txt,    /*Function pointer to get glyph's data*/
    .get_glyph_bitmap = lv_font_get_bitmap_fmt_txt,    /*Function pointer to get glyph's bitmap*/
    .line_height = 43,          /*The maximum line height required by the font*/
    .base_line = 8,             /*Baseline measured from the bottom of the line*/
#if !(LVGL_VERSION_MAJOR == 6 && LVGL_VERSION_MINOR == 0)
    .subpx = LV_FONT_SUBPX_NONE,
#endif
#if LV_VERSION_CHECK(7, 4, 0) || LVGL_VERSION_MAJOR >= 8
    .underline_position = -3,
    .underline_thickness = 2,
#endif
    .dsc = &font_dsc,          /*The custom font data. Will be accessed by `get_glyph_bitmap/dsc` */
#if LV_VERSION_CHECK(8, 2, 0) || LVGL_VERSION_MAJOR >= 9
    .fallback = NULL,
#endif
    .user_data = NULL,
};



#endif /*#if ATTRACTAP_FONT_MONTSERRAT_LATIN1_36*/
